year,x,y,ndvi
2001,1,1,0.114
2001,1,2,0.2
2001,1,3,0.197
2001,1,4,0.135
2001,1,5,0.124
2001,1,6,0.174
2001,1,7,0.092
2001,1,8,0.093
2001,1,9,0.134
2001,1,10,0.098
2001,1,11,0.105
2001,1,12,0.095
2001,1,13,0.105
2001,1,14,0.132
2001,1,15,0.088
2001,1,16,0.099
2001,1,17,0.013
2001,1,18,0.069
2001,1,19,0.04
2001,1,20,0.023
2001,2,1,0.139
2001,2,2,0.15
2001,2,3,0.182
2001,2,4,0.11
2001,2,5,0.146
2001,2,6,0.125
2001,2,7,0.125
2001,2,8,0.16
2001,2,9,0.141
2001,2,10,0.16
2001,2,11,0.11
2001,2,12,0.089
2001,2,13,0.098
2001,2,14,0.107
2001,2,15,0.1
2001,2,16,0.057
2001,2,17,0.088
2001,2,18,0.087
2001,2,19,0.151
2001,2,20,0.126
2001,3,1,0.149
2001,3,2,0.161
2001,3,3,0.121
2001,3,4,0.142
2001,3,5,0.164
2001,3,6,0.186
2001,3,7,0.123
2001,3,8,0.12
2001,3,9,0.071
2001,3,10,0.125
2001,3,11,0.093
2001,3,12,0.104
2001,3,13,0.089
2001,3,14,0.107
2001,3,15,0.052
2001,3,16,0.056
2001,3,17,0.159
2001,3,18,0.051
2001,3,19,0.052
2001,3,20,0.135
2001,4,1,0.272
2001,4,2,0.145
2001,4,3,0.164
2001,4,4,0.18
2001,4,5,0.217
2001,4,6,0.13
2001,4,7,0.148
2001,4,8,0.173
2001,4,9,0.158
2001,4,10,0.129
2001,4,11,0.131
2001,4,12,0.089
2001,4,13,0.118
2001,4,14,0.112
2001,4,15,0.122
2001,4,16,0.093
2001,4,17,0.119
2001,4,18,0.13
2001,4,19,0.1
2001,4,20,0.101
2001,5,1,0.197
2001,5,2,0.19
2001,5,3,0.163
2001,5,4,0.189
2001,5,5,0.172
2001,5,6,0.233
2001,5,7,0.212
2001,5,8,0.172
2001,5,9,0.132
2001,5,10,0.117
2001,5,11,0.181
2001,5,12,0.148
2001,5,13,0.149
2001,5,14,0.078
2001,5,15,0.153
2001,5,16,0.134
2001,5,17,0.082
2001,5,18,0.096
2001,5,19,0.113
2001,5,20,0.102
2001,6,1,0.196
2001,6,2,0.197
2001,6,3,0.187
2001,6,4,0.195
2001,6,5,0.229
2001,6,6,0.103
2001,6,7,0.168
2001,6,8,0.175
2001,6,9,0.174
2001,6,10,0.149
2001,6,11,0.102
2001,6,12,0.16
2001,6,13,0.197
2001,6,14,0.094
2001,6,15,0.161
2001,6,16,0.12
2001,6,17,0.123
2001,6,18,0.088
2001,6,19,0.105
2001,6,20,0.149
2001,7,1,0.232
2001,7,2,0.262
2001,7,3,0.24
2001,7,4,0.213
2001,7,5,0.247
2001,7,6,0.203
2001,7,7,0.21
2001,7,8,0.171
2001,7,9,0.177
2001,7,10,0.149
2001,7,11,0.195
2001,7,12,0.125
2001,7,13,0.178
2001,7,14,0.144
2001,7,15,0.18
2001,7,16,0.163
2001,7,17,0.19
2001,7,18,0.152
2001,7,19,0.078
2001,7,20,0.118
2001,8,1,0.19
2001,8,2,0.204
2001,8,3,0.26
2001,8,4,0.229
2001,8,5,0.184
2001,8,6,0.17
2001,8,7,0.196
2001,8,8,0.154
2001,8,9,0.165
2001,8,10,0.189
2001,8,11,0.21
2001,8,12,0.188
2001,8,13,0.096
2001,8,14,0.169
2001,8,15,0.157
2001,8,16,0.162
2001,8,17,0.193
2001,8,18,0.078
2001,8,19,0.117
2001,8,20,0.148
2001,9,1,0.188
2001,9,2,0.274
2001,9,3,0.236
2001,9,4,0.245
2001,9,5,0.198
2001,9,6,0.234
2001,9,7,0.237
2001,9,8,0.207
2001,9,9,0.202
2001,9,10,0.198
2001,9,11,0.159
2001,9,12,0.176
2001,9,13,0.17
2001,9,14,0.182
2001,9,15,0.195
2001,9,16,0.128
2001,9,17,0.151
2001,9,18,0.194
2001,9,19,0.123
2001,9,20,0.115
2001,10,1,0.251
2001,10,2,0.265
2001,10,3,0.235
2001,10,4,0.27
2001,10,5,0.251
2001,10,6,0.245
2001,10,7,0.232
2001,10,8,0.28
2001,10,9,0.199
2001,10,10,0.14
2001,10,11,0.243
2001,10,12,0.176
2001,10,13,0.188
2001,10,14,0.219
2001,10,15,0.127
2001,10,16,0.132
2001,10,17,0.117
2001,10,18,0.136
2001,10,19,0.168
2001,10,20,0.166
2001,11,1,0.263
2001,11,2,0.208
2001,11,3,0.176
2001,11,4,0.242
2001,11,5,0.221
2001,11,6,0.244
2001,11,7,0.246
2001,11,8,0.224
2001,11,9,0.238
2001,11,10,0.217
2001,11,11,0.221
2001,11,12,0.179
2001,11,13,0.19
2001,11,14,0.196
2001,11,15,0.21
2001,11,16,0.168
2001,11,17,0.191
2001,11,18,0.162
2001,11,19,0.161
2001,11,20,0.185
2001,12,1,0.205
2001,12,2,0.221
2001,12,3,0.211
2001,12,4,0.18
2001,12,5,0.225
2001,12,6,0.262
2001,12,7,0.226
2001,12,8,0.236
2001,12,9,0.258
2001,12,10,0.26
2001,12,11,0.213
2001,12,12,0.251
2001,12,13,0.208
2001,12,14,0.175
2001,12,15,0.177
2001,12,16,0.146
2001,12,17,0.158
2001,12,18,0.169
2001,12,19,0.199
2001,12,20,0.222
2001,13,1,0.234
2001,13,2,0.282
2001,13,3,0.234
2001,13,4,0.274
2001,13,5,0.251
2001,13,6,0.195
2001,13,7,0.273
2001,13,8,0.222
2001,13,9,0.219
2001,13,10,0.198
2001,13,11,0.205
2001,13,12,0.233
2001,13,13,0.209
2001,13,14,0.22
2001,13,15,0.216
2001,13,16,0.24
2001,13,17,0.185
2001,13,18,0.146
2001,13,19,0.217
2001,13,20,0.17
2001,14,1,0.318
2001,14,2,0.292
2001,14,3,0.271
2001,14,4,0.28
2001,14,5,0.324
2001,14,6,0.322
2001,14,7,0.257
2001,14,8,0.255
2001,14,9,0.277
2001,14,10,0.215
2001,14,11,0.245
2001,14,12,0.229
2001,14,13,0.234
2001,14,14,0.195
2001,14,15,0.167
2001,14,16,0.148
2001,14,17,0.171
2001,14,18,0.186
2001,14,19,0.186
2001,14,20,0.248
2001,15,1,0.328
2001,15,2,0.261
2001,15,3,0.295
2001,15,4,0.268
2001,15,5,0.266
2001,15,6,0.276
2001,15,7,0.284
2001,15,8,0.25
2001,15,9,0.287
2001,15,10,0.216
2001,15,11,0.245
2001,15,12,0.318
2001,15,13,0.242
2001,15,14,0.273
2001,15,15,0.228
2001,15,16,0.237
2001,15,17,0.213
2001,15,18,0.205
2001,15,19,0.182
2001,15,20,0.213
2001,16,1,0.279
2001,16,2,0.32
2001,16,3,0.328
2001,16,4,0.301
2001,16,5,0.276
2001,16,6,0.294
2001,16,7,0.266
2001,16,8,0.298
2001,16,9,0.21
2001,16,10,0.25
2001,16,11,0.195
2001,16,12,0.205
2001,16,13,0.286
2001,16,14,0.267
2001,16,15,0.213
2001,16,16,0.185
2001,16,17,0.136
2001,16,18,0.204
2001,16,19,0.288
2001,16,20,0.223
2001,17,1,0.298
2001,17,2,0.324
2001,17,3,0.258
2001,17,4,0.291
2001,17,5,0.298
2001,17,6,0.287
2001,17,7,0.309
2001,17,8,0.29
2001,17,9,0.295
2001,17,10,0.249
2001,17,11,0.292
2001,17,12,0.309
2001,17,13,0.226
2001,17,14,0.223
2001,17,15,0.285
2001,17,16,0.234
2001,17,17,0.277
2001,17,18,0.217
2001,17,19,0.269
2001,17,20,0.224
2001,18,1,0.333
2001,18,2,0.367
2001,18,3,0.304
2001,18,4,0.282
2001,18,5,0.292
2001,18,6,0.314
2001,18,7,0.248
2001,18,8,0.309
2001,18,9,0.269
2001,18,10,0.314
2001,18,11,0.203
2001,18,12,0.246
2001,18,13,0.214
2001,18,14,0.235
2001,18,15,0.262
2001,18,16,0.245
2001,18,17,0.237
2001,18,18,0.235
2001,18,19,0.241
2001,18,20,0.2
2001,19,1,0.356
2001,19,2,0.35
2001,19,3,0.337
2001,19,4,0.337
2001,19,5,0.324
2001,19,6,0.371
2001,19,7,0.302
2001,19,8,0.291
2001,19,9,0.272
2001,19,10,0.259
2001,19,11,0.248
2001,19,12,0.253
2001,19,13,0.273
2001,19,14,0.28
2001,19,15,0.267
2001,19,16,0.237
2001,19,17,0.282
2001,19,18,0.272
2001,19,19,0.24
2001,19,20,0.22
2001,20,1,0.361
2001,20,2,0.346
2001,20,3,0.292
2001,20,4,0.328
2001,20,5,0.333
2001,20,6,0.293
2001,20,7,0.321
2001,20,8,0.266
2001,20,9,0.345
2001,20,10,0.337
2001,20,11,0.287
2001,20,12,0.301
2001,20,13,0.213
2001,20,14,0.245
2001,20,15,0.266
2001,20,16,0.238
2001,20,17,0.286
2001,20,18,0.32
2001,20,19,0.22
2001,20,20,0.225
2002,1,1,0.168
2002,1,2,0.204
2002,1,3,0.114
2002,1,4,0.153
2002,1,5,0.196
2002,1,6,0.086
2002,1,7,0.093
2002,1,8,0.113
2002,1,9,0.105
2002,1,10,0.14
2002,1,11,0.118
2002,1,12,0.053
2002,1,13,0.116
2002,1,14,0.079
2002,1,15,0.129
2002,1,16,0.067
2002,1,17,0.062
2002,1,18,0.092
2002,1,19,0.094
2002,1,20,0.079
2002,2,1,0.12
2002,2,2,0.182
2002,2,3,0.13
2002,2,4,0.163
2002,2,5,0.108
2002,2,6,0.159
2002,2,7,0.117
2002,2,8,0.098
2002,2,9,0.152
2002,2,10,0.133
2002,2,11,0.103
2002,2,12,0.16
2002,2,13,0.098
2002,2,14,0.107
2002,2,15,0.109
2002,2,16,0.077
2002,2,17,0.105
2002,2,18,0.07
2002,2,19,0.069
2002,2,20,0.117
2002,3,1,0.15
2002,3,2,0.104
2002,3,3,0.219
2002,3,4,0.242
2002,3,5,0.149
2002,3,6,0.098
2002,3,7,0.142
2002,3,8,0.137
2002,3,9,0.135
2002,3,10,0.103
2002,3,11,0.148
2002,3,12,0.142
2002,3,13,0.076
2002,3,14,0.137
2002,3,15,0.173
2002,3,16,0.111
2002,3,17,0.091
2002,3,18,0.092
2002,3,19,0.109
2002,3,20,0.034
2002,4,1,0.196
2002,4,2,0.174
2002,4,3,0.236
2002,4,4,0.171
2002,4,5,0.221
2002,4,6,0.133
2002,4,7,0.179
2002,4,8,0.166
2002,4,9,0.125
2002,4,10,0.151
2002,4,11,0.177
2002,4,12,0.126
2002,4,13,0.08
2002,4,14,0.125
2002,4,15,0.094
2002,4,16,0.106
2002,4,17,0.109
2002,4,18,0.055
2002,4,19,0.053
2002,4,20,0.11
2002,5,1,0.185
2002,5,2,0.119
2002,5,3,0.215
2002,5,4,0.194
2002,5,5,0.16
2002,5,6,0.136
2002,5,7,0.196
2002,5,8,0.176
2002,5,9,0.232
2002,5,10,0.169
2002,5,11,0.163
2002,5,12,0.141
2002,5,13,0.166
2002,5,14,0.155
2002,5,15,0.169
2002,5,16,0.11
2002,5,17,0.108
2002,5,18,0.102
2002,5,19,0.135
2002,5,20,0.151
2002,6,1,0.197
2002,6,2,0.193
2002,6,3,0.21
2002,6,4,0.189
2002,6,5,0.22
2002,6,6,0.118
2002,6,7,0.156
2002,6,8,0.153
2002,6,9,0.101
2002,6,10,0.137
2002,6,11,0.134
2002,6,12,0.15
2002,6,13,0.184
2002,6,14,0.139
2002,6,15,0.11
2002,6,16,0.134
2002,6,17,0.162
2002,6,18,0.097
2002,6,19,0.094
2002,6,20,0.133
2002,7,1,0.214
2002,7,2,0.235
2002,7,3,0.211
2002,7,4,0.227
2002,7,5,0.17
2002,7,6,0.196
2002,7,7,0.185
2002,7,8,0.15
2002,7,9,0.134
2002,7,10,0.197
2002,7,11,0.16
2002,7,12,0.135
2002,7,13,0.158
2002,7,14,0.19
2002,7,15,0.083
2002,7,16,0.101
2002,7,17,0.113
2002,7,18,0.18
2002,7,19,0.139
2002,7,20,0.149
2002,8,1,0.197
2002,8,2,0.192
2002,8,3,0.234
2002,8,4,0.218
2002,8,5,0.227
2002,8,6,0.2
2002,8,7,0.209
2002,8,8,0.201
2002,8,9,0.214
2002,8,10,0.21
2002,8,11,0.132
2002,8,12,0.109
2002,8,13,0.201
2002,8,14,0.202
2002,8,15,0.13
2002,8,16,0.1
2002,8,17,0.154
2002,8,18,0.174
2002,8,19,0.195
2002,8,20,0.151
2002,9,1,0.23
2002,9,2,0.209
2002,9,3,0.231
2002,9,4,0.217
2002,9,5,0.191
2002,9,6,0.277
2002,9,7,0.265
2002,9,8,0.24
2002,9,9,0.173
2002,9,10,0.222
2002,9,11,0.21
2002,9,12,0.199
2002,9,13,0.218
2002,9,14,0.195
2002,9,15,0.193
2002,9,16,0.185
2002,9,17,0.171
2002,9,18,0.102
2002,9,19,0.154
2002,9,20,0.129
2002,10,1,0.213
2002,10,2,0.296
2002,10,3,0.293
2002,10,4,0.277
2002,10,5,0.239
2002,10,6,0.267
2002,10,7,0.221
2002,10,8,0.222
2002,10,9,0.178
2002,10,10,0.218
2002,10,11,0.203
2002,10,12,0.157
2002,10,13,0.189
2002,10,14,0.184
2002,10,15,0.235
2002,10,16,0.203
2002,10,17,0.171
2002,10,18,0.173
2002,10,19,0.162
2002,10,20,0.15
2002,11,1,0.229
2002,11,2,0.251
2002,11,3,0.229
2002,11,4,0.208
2002,11,5,0.256
2002,11,6,0.248
2002,11,7,0.177
2002,11,8,0.222
2002,11,9,0.251
2002,11,10,0.248
2002,11,11,0.242
2002,11,12,0.207
2002,11,13,0.176
2002,11,14,0.163
2002,11,15,0.201
2002,11,16,0.197
2002,11,17,0.22
2002,11,18,0.209
2002,11,19,0.167
2002,11,20,0.129
2002,12,1,0.261
2002,12,2,0.273
2002,12,3,0.255
2002,12,4,0.239
2002,12,5,0.259
2002,12,6,0.231
2002,12,7,0.222
2002,12,8,0.245
2002,12,9,0.219
2002,12,10,0.233
2002,12,11,0.229
2002,12,12,0.182
2002,12,13,0.197
2002,12,14,0.249
2002,12,15,0.166
2002,12,16,0.133
2002,12,17,0.135
2002,12,18,0.187
2002,12,19,0.182
2002,12,20,0.172
2002,13,1,0.317
2002,13,2,0.196
2002,13,3,0.283
2002,13,4,0.313
2002,13,5,0.227
2002,13,6,0.245
2002,13,7,0.228
2002,13,8,0.219
2002,13,9,0.231
2002,13,10,0.279
2002,13,11,0.286
2002,13,12,0.216
2002,13,13,0.278
2002,13,14,0.217
2002,13,15,0.264
2002,13,16,0.203
2002,13,17,0.205
2002,13,18,0.207
2002,13,19,0.286
2002,13,20,0.212
2002,14,1,0.27
2002,14,2,0.315
2002,14,3,0.27
2002,14,4,0.261
2002,14,5,0.298
2002,14,6,0.267
2002,14,7,0.269
2002,14,8,0.256
2002,14,9,0.261
2002,14,10,0.259
2002,14,11,0.183
2002,14,12,0.256
2002,14,13,0.202
2002,14,14,0.183
2002,14,15,0.219
2002,14,16,0.219
2002,14,17,0.19
2002,14,18,0.231
2002,14,19,0.161
2002,14,20,0.184
2002,15,1,0.283
2002,15,2,0.295
2002,15,3,0.299
2002,15,4,0.256
2002,15,5,0.303
2002,15,6,0.278
2002,15,7,0.214
2002,15,8,0.207
2002,15,9,0.261
2002,15,10,0.249
2002,15,11,0.248
2002,15,12,0.245
2002,15,13,0.248
2002,15,14,0.264
2002,15,15,0.198
2002,15,16,0.191
2002,15,17,0.188
2002,15,18,0.225
2002,15,19,0.248
2002,15,20,0.193
2002,16,1,0.236
2002,16,2,0.255
2002,16,3,0.276
2002,16,4,0.279
2002,16,5,0.279
2002,16,6,0.287
2002,16,7,0.272
2002,16,8,0.307
2002,16,9,0.251
2002,16,10,0.24
2002,16,11,0.275
2002,16,12,0.21
2002,16,13,0.263
2002,16,14,0.249
2002,16,15,0.237
2002,16,16,0.284
2002,16,17,0.212
2002,16,18,0.288
2002,16,19,0.214
2002,16,20,0.178
2002,17,1,0.323
2002,17,2,0.284
2002,17,3,0.288
2002,17,4,0.318
2002,17,5,0.318
2002,17,6,0.277
2002,17,7,0.321
2002,17,8,0.321
2002,17,9,0.324
2002,17,10,0.292
2002,17,11,0.312
2002,17,12,0.21
2002,17,13,0.251
2002,17,14,0.23
2002,17,15,0.255
2002,17,16,0.229
2002,17,17,0.236
2002,17,18,0.292
2002,17,19,0.226
2002,17,20,0.238
2002,18,1,0.324
2002,18,2,0.328
2002,18,3,0.321
2002,18,4,0.329
2002,18,5,0.346
2002,18,6,0.355
2002,18,7,0.31
2002,18,8,0.314
2002,18,9,0.256
2002,18,10,0.283
2002,18,11,0.309
2002,18,12,0.302
2002,18,13,0.277
2002,18,14,0.293
2002,18,15,0.276
2002,18,16,0.292
2002,18,17,0.26
2002,18,18,0.235
2002,18,19,0.251
2002,18,20,0.148
2002,19,1,0.352
2002,19,2,0.227
2002,19,3,0.279
2002,19,4,0.34
2002,19,5,0.335
2002,19,6,0.281
2002,19,7,0.29
2002,19,8,0.347
2002,19,9,0.286
2002,19,10,0.363
2002,19,11,0.291
2002,19,12,0.298
2002,19,13,0.33
2002,19,14,0.28
2002,19,15,0.241
2002,19,16,0.263
2002,19,17,0.26
2002,19,18,0.215
2002,19,19,0.243
2002,19,20,0.224
2002,20,1,0.379
2002,20,2,0.347
2002,20,3,0.333
2002,20,4,0.333
2002,20,5,0.338
2002,20,6,0.345
2002,20,7,0.291
2002,20,8,0.285
2002,20,9,0.344
2002,20,10,0.294
2002,20,11,0.258
2002,20,12,0.309
2002,20,13,0.305
2002,20,14,0.24
2002,20,15,0.288
2002,20,16,0.298
2002,20,17,0.282
2002,20,18,0.285
2002,20,19,0.219
2002,20,20,0.266
2003,1,1,0.158
2003,1,2,0.148
2003,1,3,0.183
2003,1,4,0.196
2003,1,5,0.201
2003,1,6,0.181
2003,1,7,0.134
2003,1,8,0.143
2003,1,9,0.15
2003,1,10,0.126
2003,1,11,0.121
2003,1,12,0.137
2003,1,13,0.105
2003,1,14,0.08
2003,1,15,0.085
2003,1,16,0.111
2003,1,17,0.087
2003,1,18,0.092
2003,1,19,0.097
2003,1,20,0.061
2003,2,1,0.2
2003,2,2,0.183
2003,2,3,0.13
2003,2,4,0.205
2003,2,5,0.142
2003,2,6,0.102
2003,2,7,0.116
2003,2,8,0.111
2003,2,9,0.139
2003,2,10,0.124
2003,2,11,0.117
2003,2,12,0.141
2003,2,13,0.127
2003,2,14,0.121
2003,2,15,0.119
2003,2,16,0.12
2003,2,17,0.034
2003,2,18,0.081
2003,2,19,0.022
2003,2,20,0.083
2003,3,1,0.187
2003,3,2,0.213
2003,3,3,0.213
2003,3,4,0.178
2003,3,5,0.152
2003,3,6,0.177
2003,3,7,0.141
2003,3,8,0.152
2003,3,9,0.177
2003,3,10,0.125
2003,3,11,0.161
2003,3,12,0.152
2003,3,13,0.098
2003,3,14,0.151
2003,3,15,0.138
2003,3,16,0.115
2003,3,17,0.084
2003,3,18,0.076
2003,3,19,0.081
2003,3,20,0.108
2003,4,1,0.168
2003,4,2,0.205
2003,4,3,0.15
2003,4,4,0.176
2003,4,5,0.18
2003,4,6,0.245
2003,4,7,0.126
2003,4,8,0.206
2003,4,9,0.161
2003,4,10,0.164
2003,4,11,0.151
2003,4,12,0.155
2003,4,13,0.132
2003,4,14,0.176
2003,4,15,0.113
2003,4,16,0.156
2003,4,17,0.098
2003,4,18,0.11
2003,4,19,0.075
2003,4,20,0.116
2003,5,1,0.25
2003,5,2,0.2
2003,5,3,0.191
2003,5,4,0.159
2003,5,5,0.18
2003,5,6,0.134
2003,5,7,0.15
2003,5,8,0.179
2003,5,9,0.207
2003,5,10,0.246
2003,5,11,0.139
2003,5,12,0.195
2003,5,13,0.154
2003,5,14,0.137
2003,5,15,0.15
2003,5,16,0.134
2003,5,17,0.13
2003,5,18,0.11
2003,5,19,0.075
2003,5,20,0.066
2003,6,1,0.237
2003,6,2,0.204
2003,6,3,0.189
2003,6,4,0.202
2003,6,5,0.221
2003,6,6,0.197
2003,6,7,0.167
2003,6,8,0.219
2003,6,9,0.224
2003,6,10,0.187
2003,6,11,0.196
2003,6,12,0.199
2003,6,13,0.191
2003,6,14,0.17
2003,6,15,0.165
2003,6,16,0.158
2003,6,17,0.104
2003,6,18,0.153
2003,6,19,0.086
2003,6,20,0.098
2003,7,1,0.266
2003,7,2,0.247
2003,7,3,0.262
2003,7,4,0.204
2003,7,5,0.172
2003,7,6,0.195
2003,7,7,0.2
2003,7,8,0.194
2003,7,9,0.221
2003,7,10,0.171
2003,7,11,0.188
2003,7,12,0.142
2003,7,13,0.181
2003,7,14,0.162
2003,7,15,0.135
2003,7,16,0.145
2003,7,17,0.141
2003,7,18,0.134
2003,7,19,0.19
2003,7,20,0.129
2003,8,1,0.23
2003,8,2,0.169
2003,8,3,0.2
2003,8,4,0.214
2003,8,5,0.196
2003,8,6,0.253
2003,8,7,0.202
2003,8,8,0.241
2003,8,9,0.199
2003,8,10,0.193
2003,8,11,0.184
2003,8,12,0.182
2003,8,13,0.229
2003,8,14,0.102
2003,8,15,0.107
2003,8,16,0.146
2003,8,17,0.157
2003,8,18,0.173
2003,8,19,0.161
2003,8,20,0.13
2003,9,1,0.278
2003,9,2,0.273
2003,9,3,0.243
2003,9,4,0.261
2003,9,5,0.235
2003,9,6,0.205
2003,9,7,0.238
2003,9,8,0.215
2003,9,9,0.207
2003,9,10,0.246
2003,9,11,0.123
2003,9,12,0.149
2003,9,13,0.151
2003,9,14,0.171
2003,9,15,0.169
2003,9,16,0.127
2003,9,17,0.137
2003,9,18,0.136
2003,9,19,0.231
2003,9,20,0.206
2003,10,1,0.245
2003,10,2,0.241
2003,10,3,0.213
2003,10,4,0.185
2003,10,5,0.233
2003,10,6,0.202
2003,10,7,0.224
2003,10,8,0.174
2003,10,9,0.194
2003,10,10,0.216
2003,10,11,0.218
2003,10,12,0.215
2003,10,13,0.157
2003,10,14,0.218
2003,10,15,0.163
2003,10,16,0.201
2003,10,17,0.177
2003,10,18,0.131
2003,10,19,0.158
2003,10,20,0.173
2003,11,1,0.285
2003,11,2,0.258
2003,11,3,0.303
2003,11,4,0.282
2003,11,5,0.239
2003,11,6,0.265
2003,11,7,0.295
2003,11,8,0.291
2003,11,9,0.19
2003,11,10,0.194
2003,11,11,0.262
2003,11,12,0.18
2003,11,13,0.167
2003,11,14,0.187
2003,11,15,0.21
2003,11,16,0.189
2003,11,17,0.167
2003,11,18,0.162
2003,11,19,0.156
2003,11,20,0.146
2003,12,1,0.345
2003,12,2,0.281
2003,12,3,0.294
2003,12,4,0.247
2003,12,5,0.251
2003,12,6,0.231
2003,12,7,0.167
2003,12,8,0.201
2003,12,9,0.183
2003,12,10,0.165
2003,12,11,0.191
2003,12,12,0.262
2003,12,13,0.216
2003,12,14,0.251
2003,12,15,0.219
2003,12,16,0.225
2003,12,17,0.17
2003,12,18,0.208
2003,12,19,0.209
2003,12,20,0.165
2003,13,1,0.304
2003,13,2,0.299
2003,13,3,0.261
2003,13,4,0.238
2003,13,5,0.231
2003,13,6,0.265
2003,13,7,0.267
2003,13,8,0.228
2003,13,9,0.248
2003,13,10,0.259
2003,13,11,0.256
2003,13,12,0.279
2003,13,13,0.265
2003,13,14,0.192
2003,13,15,0.268
2003,13,16,0.196
2003,13,17,0.238
2003,13,18,0.204
2003,13,19,0.185
2003,13,20,0.138
2003,14,1,0.292
2003,14,2,0.245
2003,14,3,0.316
2003,14,4,0.328
2003,14,5,0.253
2003,14,6,0.281
2003,14,7,0.245
2003,14,8,0.243
2003,14,9,0.28
2003,14,10,0.251
2003,14,11,0.299
2003,14,12,0.228
2003,14,13,0.267
2003,14,14,0.235
2003,14,15,0.251
2003,14,16,0.209
2003,14,17,0.216
2003,14,18,0.209
2003,14,19,0.182
2003,14,20,0.222
2003,15,1,0.327
2003,15,2,0.32
2003,15,3,0.343
2003,15,4,0.335
2003,15,5,0.276
2003,15,6,0.293
2003,15,7,0.258
2003,15,8,0.273
2003,15,9,0.249
2003,15,10,0.311
2003,15,11,0.268
2003,15,12,0.245
2003,15,13,0.283
2003,15,14,0.177
2003,15,15,0.177
2003,15,16,0.256
2003,15,17,0.229
2003,15,18,0.23
2003,15,19,0.177
2003,15,20,0.211
2003,16,1,0.377
2003,16,2,0.337
2003,16,3,0.312
2003,16,4,0.289
2003,16,5,0.285
2003,16,6,0.228
2003,16,7,0.295
2003,16,8,0.307
2003,16,9,0.23
2003,16,10,0.252
2003,16,11,0.232
2003,16,12,0.233
2003,16,13,0.259
2003,16,14,0.189
2003,16,15,0.265
2003,16,16,0.265
2003,16,17,0.229
2003,16,18,0.158
2003,16,19,0.197
2003,16,20,0.259
2003,17,1,0.244
2003,17,2,0.312
2003,17,3,0.282
2003,17,4,0.336
2003,17,5,0.287
2003,17,6,0.314
2003,17,7,0.314
2003,17,8,0.347
2003,17,9,0.281
2003,17,10,0.293
2003,17,11,0.232
2003,17,12,0.308
2003,17,13,0.244
2003,17,14,0.245
2003,17,15,0.256
2003,17,16,0.205
2003,17,17,0.254
2003,17,18,0.271
2003,17,19,0.246
2003,17,20,0.184
2003,18,1,0.333
2003,18,2,0.354
2003,18,3,0.271
2003,18,4,0.29
2003,18,5,0.343
2003,18,6,0.32
2003,18,7,0.319
2003,18,8,0.358
2003,18,9,0.311
2003,18,10,0.312
2003,18,11,0.368
2003,18,12,0.276
2003,18,13,0.253
2003,18,14,0.285
2003,18,15,0.28
2003,18,16,0.246
2003,18,17,0.226
2003,18,18,0.321
2003,18,19,0.257
2003,18,20,0.22
2003,19,1,0.374
2003,19,2,0.339
2003,19,3,0.329
2003,19,4,0.349
2003,19,5,0.288
2003,19,6,0.333
2003,19,7,0.374
2003,19,8,0.326
2003,19,9,0.296
2003,19,10,0.287
2003,19,11,0.285
2003,19,12,0.284
2003,19,13,0.276
2003,19,14,0.309
2003,19,15,0.225
2003,19,16,0.298
2003,19,17,0.256
2003,19,18,0.273
2003,19,19,0.223
2003,19,20,0.292
2003,20,1,0.394
2003,20,2,0.381
2003,20,3,0.302
2003,20,4,0.367
2003,20,5,0.349
2003,20,6,0.284
2003,20,7,0.326
2003,20,8,0.333
2003,20,9,0.334
2003,20,10,0.317
2003,20,11,0.316
2003,20,12,0.346
2003,20,13,0.334
2003,20,14,0.206
2003,20,15,0.277
2003,20,16,0.277
2003,20,17,0.224
2003,20,18,0.275
2003,20,19,0.304
2003,20,20,0.229
2004,1,1,0.183
2004,1,2,0.141
2004,1,3,0.143
2004,1,4,0.202
2004,1,5,0.137
2004,1,6,0.162
2004,1,7,0.087
2004,1,8,0.194
2004,1,9,0.151
2004,1,10,0.123
2004,1,11,0.14
2004,1,12,0.076
2004,1,13,0.148
2004,1,14,0.098
2004,1,15,0.097
2004,1,16,0.083
2004,1,17,0.076
2004,1,18,0.109
2004,1,19,0.091
2004,1,20,0.098
2004,2,1,0.183
2004,2,2,0.193
2004,2,3,0.16
2004,2,4,0.235
2004,2,5,0.116
2004,2,6,0.196
2004,2,7,0.194
2004,2,8,0.122
2004,2,9,0.21
2004,2,10,0.168
2004,2,11,0.162
2004,2,12,0.129
2004,2,13,0.116
2004,2,14,0.112
2004,2,15,0.125
2004,2,16,0.15
2004,2,17,0.108
2004,2,18,0.071
2004,2,19,0.118
2004,2,20,0.116
2004,3,1,0.213
2004,3,2,0.21
2004,3,3,0.175
2004,3,4,0.15
2004,3,5,0.147
2004,3,6,0.119
2004,3,7,0.17
2004,3,8,0.155
2004,3,9,0.14
2004,3,10,0.059
2004,3,11,0.106
2004,3,12,0.172
2004,3,13,0.113
2004,3,14,0.139
2004,3,15,0.081
2004,3,16,0.161
2004,3,17,0.109
2004,3,18,0.117
2004,3,19,0.173
2004,3,20,0.143
2004,4,1,0.194
2004,4,2,0.18
2004,4,3,0.183
2004,4,4,0.203
2004,4,5,0.18
2004,4,6,0.166
2004,4,7,0.217
2004,4,8,0.165
2004,4,9,0.232
2004,4,10,0.161
2004,4,11,0.207
2004,4,12,0.159
2004,4,13,0.172
2004,4,14,0.116
2004,4,15,0.107
2004,4,16,0.142
2004,4,17,0.153
2004,4,18,0.119
2004,4,19,0.074
2004,4,20,0.067
2004,5,1,0.17
2004,5,2,0.155
2004,5,3,0.206
2004,5,4,0.232
2004,5,5,0.193
2004,5,6,0.12
2004,5,7,0.177
2004,5,8,0.173
2004,5,9,0.236
2004,5,10,0.124
2004,5,11,0.151
2004,5,12,0.209
2004,5,13,0.166
2004,5,14,0.165
2004,5,15,0.146
2004,5,16,0.148
2004,5,17,0.156
2004,5,18,0.104
2004,5,19,0.149
2004,5,20,0.077
2004,6,1,0.233
2004,6,2,0.223
2004,6,3,0.195
2004,6,4,0.207
2004,6,5,0.184
2004,6,6,0.166
2004,6,7,0.182
2004,6,8,0.155
2004,6,9,0.193
2004,6,10,0.143
2004,6,11,0.194
2004,6,12,0.133
2004,6,13,0.146
2004,6,14,0.139
2004,6,15,0.193
2004,6,16,0.158
2004,6,17,0.137
2004,6,18,0.153
2004,6,19,0.07
2004,6,20,0.127
2004,7,1,0.293
2004,7,2,0.232
2004,7,3,0.225
2004,7,4,0.234
2004,7,5,0.24
2004,7,6,0.148
2004,7,7,0.153
2004,7,8,0.204
2004,7,9,0.172
2004,7,10,0.227
2004,7,11,0.174
2004,7,12,0.12
2004,7,13,0.135
2004,7,14,0.086
2004,7,15,0.156
2004,7,16,0.152
2004,7,17,0.14
2004,7,18,0.18
2004,7,19,0.179
2004,7,20,0.133
2004,8,1,0.179
2004,8,2,0.257
2004,8,3,0.25
2004,8,4,0.237
2004,8,5,0.252
2004,8,6,0.183
2004,8,7,0.273
2004,8,8,0.179
2004,8,9,0.225
2004,8,10,0.147
2004,8,11,0.165
2004,8,12,0.233
2004,8,13,0.175
2004,8,14,0.203
2004,8,15,0.18
2004,8,16,0.165
2004,8,17,0.204
2004,8,18,0.151
2004,8,19,0.1
2004,8,20,0.124
2004,9,1,0.27
2004,9,2,0.26
2004,9,3,0.196
2004,9,4,0.216
2004,9,5,0.216
2004,9,6,0.217
2004,9,7,0.182
2004,9,8,0.199
2004,9,9,0.191
2004,9,10,0.231
2004,9,11,0.227
2004,9,12,0.194
2004,9,13,0.181
2004,9,14,0.192
2004,9,15,0.159
2004,9,16,0.144
2004,9,17,0.145
2004,9,18,0.149
2004,9,19,0.128
2004,9,20,0.163
2004,10,1,0.285
2004,10,2,0.21
2004,10,3,0.254
2004,10,4,0.241
2004,10,5,0.253
2004,10,6,0.238
2004,10,7,0.189
2004,10,8,0.19
2004,10,9,0.224
2004,10,10,0.249
2004,10,11,0.147
2004,10,12,0.218
2004,10,13,0.239
2004,10,14,0.193
2004,10,15,0.21
2004,10,16,0.167
2004,10,17,0.179
2004,10,18,0.129
2004,10,19,0.103
2004,10,20,0.196
2004,11,1,0.243
2004,11,2,0.254
2004,11,3,0.221
2004,11,4,0.216
2004,11,5,0.248
2004,11,6,0.226
2004,11,7,0.254
2004,11,8,0.252
2004,11,9,0.243
2004,11,10,0.235
2004,11,11,0.27
2004,11,12,0.186
2004,11,13,0.211
2004,11,14,0.242
2004,11,15,0.241
2004,11,16,0.155
2004,11,17,0.184
2004,11,18,0.229
2004,11,19,0.198
2004,11,20,0.184
2004,12,1,0.276
2004,12,2,0.266
2004,12,3,0.282
2004,12,4,0.26
2004,12,5,0.262
2004,12,6,0.26
2004,12,7,0.233
2004,12,8,0.264
2004,12,9,0.33
2004,12,10,0.185
2004,12,11,0.243
2004,12,12,0.205
2004,12,13,0.24
2004,12,14,0.219
2004,12,15,0.236
2004,12,16,0.243
2004,12,17,0.209
2004,12,18,0.232
2004,12,19,0.123
2004,12,20,0.236
2004,13,1,0.304
2004,13,2,0.32
2004,13,3,0.246
2004,13,4,0.253
2004,13,5,0.277
2004,13,6,0.267
2004,13,7,0.271
2004,13,8,0.291
2004,13,9,0.2
2004,13,10,0.277
2004,13,11,0.243
2004,13,12,0.232
2004,13,13,0.189
2004,13,14,0.243
2004,13,15,0.151
2004,13,16,0.237
2004,13,17,0.168
2004,13,18,0.21
2004,13,19,0.199
2004,13,20,0.233
2004,14,1,0.298
2004,14,2,0.277
2004,14,3,0.278
2004,14,4,0.326
2004,14,5,0.299
2004,14,6,0.266
2004,14,7,0.266
2004,14,8,0.221
2004,14,9,0.275
2004,14,10,0.205
2004,14,11,0.276
2004,14,12,0.252
2004,14,13,0.315
2004,14,14,0.205
2004,14,15,0.23
2004,14,16,0.282
2004,14,17,0.259
2004,14,18,0.197
2004,14,19,0.22
2004,14,20,0.208
2004,15,1,0.321
2004,15,2,0.287
2004,15,3,0.3
2004,15,4,0.25
2004,15,5,0.297
2004,15,6,0.302
2004,15,7,0.276
2004,15,8,0.23
2004,15,9,0.303
2004,15,10,0.279
2004,15,11,0.241
2004,15,12,0.25
2004,15,13,0.208
2004,15,14,0.217
2004,15,15,0.227
2004,15,16,0.275
2004,15,17,0.214
2004,15,18,0.247
2004,15,19,0.207
2004,15,20,0.225
2004,16,1,0.319
2004,16,2,0.344
2004,16,3,0.297
2004,16,4,0.261
2004,16,5,0.262
2004,16,6,0.282
2004,16,7,0.256
2004,16,8,0.3
2004,16,9,0.269
2004,16,10,0.349
2004,16,11,0.221
2004,16,12,0.274
2004,16,13,0.229
2004,16,14,0.243
2004,16,15,0.257
2004,16,16,0.178
2004,16,17,0.25
2004,16,18,0.295
2004,16,19,0.219
2004,16,20,0.236
2004,17,1,0.364
2004,17,2,0.323
2004,17,3,0.306
2004,17,4,0.25
2004,17,5,0.332
2004,17,6,0.305
2004,17,7,0.273
2004,17,8,0.302
2004,17,9,0.275
2004,17,10,0.272
2004,17,11,0.301
2004,17,12,0.238
2004,17,13,0.304
2004,17,14,0.226
2004,17,15,0.243
2004,17,16,0.316
2004,17,17,0.287
2004,17,18,0.251
2004,17,19,0.215
2004,17,20,0.222
2004,18,1,0.345
2004,18,2,0.339
2004,18,3,0.33
2004,18,4,0.327
2004,18,5,0.317
2004,18,6,0.275
2004,18,7,0.298
2004,18,8,0.335
2004,18,9,0.262
2004,18,10,0.292
2004,18,11,0.268
2004,18,12,0.291
2004,18,13,0.271
2004,18,14,0.322
2004,18,15,0.288
2004,18,16,0.229
2004,18,17,0.283
2004,18,18,0.235
2004,18,19,0.236
2004,18,20,0.257
2004,19,1,0.338
2004,19,2,0.375
2004,19,3,0.32
2004,19,4,0.319
2004,19,5,0.313
2004,19,6,0.311
2004,19,7,0.356
2004,19,8,0.337
2004,19,9,0.364
2004,19,10,0.376
2004,19,11,0.272
2004,19,12,0.3
2004,19,13,0.258
2004,19,14,0.265
2004,19,15,0.264
2004,19,16,0.246
2004,19,17,0.241
2004,19,18,0.264
2004,19,19,0.226
2004,19,20,0.283
2004,20,1,0.335
2004,20,2,0.442
2004,20,3,0.339
2004,20,4,0.35
2004,20,5,0.304
2004,20,6,0.389
2004,20,7,0.367
2004,20,8,0.337
2004,20,9,0.283
2004,20,10,0.324
2004,20,11,0.279
2004,20,12,0.352
2004,20,13,0.327
2004,20,14,0.301
2004,20,15,0.22
2004,20,16,0.258
2004,20,17,0.304
2004,20,18,0.314
2004,20,19,0.306
2004,20,20,0.22
2005,1,1,0.188
2005,1,2,0.204
2005,1,3,0.119
2005,1,4,0.164
2005,1,5,0.167
2005,1,6,0.145
2005,1,7,0.093
2005,1,8,0.134
2005,1,9,0.129
2005,1,10,0.13
2005,1,11,0.112
2005,1,12,0.111
2005,1,13,0.118
2005,1,14,0.127
2005,1,15,0.1
2005,1,16,0.092
2005,1,17,0.102
2005,1,18,0.036
2005,1,19,0.103
2005,1,20,0.084
2005,2,1,0.19
2005,2,2,0.213
2005,2,3,0.12
2005,2,4,0.115
2005,2,5,0.177
2005,2,6,0.164
2005,2,7,0.164
2005,2,8,0.14
2005,2,9,0.169
2005,2,10,0.172
2005,2,11,0.154
2005,2,12,0.126
2005,2,13,0.066
2005,2,14,0.147
2005,2,15,0.156
2005,2,16,0.133
2005,2,17,0.083
2005,2,18,0.124
2005,2,19,0.125
2005,2,20,0.141
2005,3,1,0.173
2005,3,2,0.187
2005,3,3,0.211
2005,3,4,0.186
2005,3,5,0.145
2005,3,6,0.186
2005,3,7,0.186
2005,3,8,0.167
2005,3,9,0.166
2005,3,10,0.146
2005,3,11,0.193
2005,3,12,0.117
2005,3,13,0.121
2005,3,14,0.134
2005,3,15,0.155
2005,3,16,0.079
2005,3,17,0.08
2005,3,18,0.053
2005,3,19,0.11
2005,3,20,0.07
2005,4,1,0.197
2005,4,2,0.224
2005,4,3,0.18
2005,4,4,0.201
2005,4,5,0.18
2005,4,6,0.204
2005,4,7,0.193
2005,4,8,0.153
2005,4,9,0.164
2005,4,10,0.195
2005,4,11,0.171
2005,4,12,0.112
2005,4,13,0.169
2005,4,14,0.111
2005,4,15,0.181
2005,4,16,0.165
2005,4,17,0.138
2005,4,18,0.129
2005,4,19,0.113
2005,4,20,0.134
2005,5,1,0.208
2005,5,2,0.221
2005,5,3,0.235
2005,5,4,0.187
2005,5,5,0.181
2005,5,6,0.158
2005,5,7,0.157
2005,5,8,0.129
2005,5,9,0.201
2005,5,10,0.228
2005,5,11,0.212
2005,5,12,0.115
2005,5,13,0.181
2005,5,14,0.197
2005,5,15,0.135
2005,5,16,0.147
2005,5,17,0.079
2005,5,18,0.142
2005,5,19,0.097
2005,5,20,0.13
2005,6,1,0.182
2005,6,2,0.24
2005,6,3,0.25
2005,6,4,0.191
2005,6,5,0.175
2005,6,6,0.139
2005,6,7,0.191
2005,6,8,0.177
2005,6,9,0.142
2005,6,10,0.198
2005,6,11,0.166
2005,6,12,0.142
2005,6,13,0.152
2005,6,14,0.196
2005,6,15,0.177
2005,6,16,0.15
2005,6,17,0.168
2005,6,18,0.109
2005,6,19,0.14
2005,6,20,0.138
2005,7,1,0.225
2005,7,2,0.247
2005,7,3,0.206
2005,7,4,0.239
2005,7,5,0.236
2005,7,6,0.126
2005,7,7,0.245
2005,7,8,0.113
2005,7,9,0.181
2005,7,10,0.225
2005,7,11,0.179
2005,7,12,0.14
2005,7,13,0.146
2005,7,14,0.205
2005,7,15,0.111
2005,7,16,0.198
2005,7,17,0.157
2005,7,18,0.118
2005,7,19,0.132
2005,7,20,0.113
2005,8,1,0.275
2005,8,2,0.266
2005,8,3,0.187
2005,8,4,0.222
2005,8,5,0.203
2005,8,6,0.263
2005,8,7,0.178
2005,8,8,0.262
2005,8,9,0.208
2005,8,10,0.169
2005,8,11,0.179
2005,8,12,0.17
2005,8,13,0.151
2005,8,14,0.187
2005,8,15,0.142
2005,8,16,0.109
2005,8,17,0.158
2005,8,18,0.11
2005,8,19,0.136
2005,8,20,0.127
2005,9,1,0.233
2005,9,2,0.314
2005,9,3,0.251
2005,9,4,0.251
2005,9,5,0.186
2005,9,6,0.214
2005,9,7,0.235
2005,9,8,0.193
2005,9,9,0.246
2005,9,10,0.178
2005,9,11,0.2
2005,9,12,0.186
2005,9,13,0.204
2005,9,14,0.175
2005,9,15,0.181
2005,9,16,0.177
2005,9,17,0.157
2005,9,18,0.189
2005,9,19,0.176
2005,9,20,0.161
2005,10,1,0.256
2005,10,2,0.288
2005,10,3,0.252
2005,10,4,0.245
2005,10,5,0.252
2005,10,6,0.295
2005,10,7,0.199
2005,10,8,0.257
2005,10,9,0.172
2005,10,10,0.231
2005,10,11,0.266
2005,10,12,0.229
2005,10,13,0.214
2005,10,14,0.187
2005,10,15,0.2
2005,10,16,0.186
2005,10,17,0.165
2005,10,18,0.175
2005,10,19,0.185
2005,10,20,0.151
2005,11,1,0.255
2005,11,2,0.233
2005,11,3,0.281
2005,11,4,0.28
2005,11,5,0.266
2005,11,6,0.283
2005,11,7,0.252
2005,11,8,0.256
2005,11,9,0.248
2005,11,10,0.231
2005,11,11,0.213
2005,11,12,0.29
2005,11,13,0.205
2005,11,14,0.194
2005,11,15,0.222
2005,11,16,0.212
2005,11,17,0.157
2005,11,18,0.228
2005,11,19,0.186
2005,11,20,0.151
2005,12,1,0.325
2005,12,2,0.303
2005,12,3,0.241
2005,12,4,0.327
2005,12,5,0.289
2005,12,6,0.264
2005,12,7,0.307
2005,12,8,0.259
2005,12,9,0.248
2005,12,10,0.224
2005,12,11,0.256
2005,12,12,0.248
2005,12,13,0.229
2005,12,14,0.2
2005,12,15,0.223
2005,12,16,0.212
2005,12,17,0.169
2005,12,18,0.16
2005,12,19,0.216
2005,12,20,0.116
2005,13,1,0.305
2005,13,2,0.28
2005,13,3,0.328
2005,13,4,0.269
2005,13,5,0.299
2005,13,6,0.262
2005,13,7,0.272
2005,13,8,0.286
2005,13,9,0.245
2005,13,10,0.284
2005,13,11,0.219
2005,13,12,0.253
2005,13,13,0.267
2005,13,14,0.254
2005,13,15,0.286
2005,13,16,0.201
2005,13,17,0.178
2005,13,18,0.184
2005,13,19,0.229
2005,13,20,0.219
2005,14,1,0.312
2005,14,2,0.27
2005,14,3,0.322
2005,14,4,0.257
2005,14,5,0.324
2005,14,6,0.37
2005,14,7,0.29
2005,14,8,0.291
2005,14,9,0.254
2005,14,10,0.21
2005,14,11,0.241
2005,14,12,0.221
2005,14,13,0.206
2005,14,14,0.296
2005,14,15,0.247
2005,14,16,0.245
2005,14,17,0.22
2005,14,18,0.219
2005,14,19,0.248
2005,14,20,0.213
2005,15,1,0.335
2005,15,2,0.308
2005,15,3,0.299
2005,15,4,0.262
2005,15,5,0.24
2005,15,6,0.286
2005,15,7,0.291
2005,15,8,0.245
2005,15,9,0.278
2005,15,10,0.276
2005,15,11,0.204
2005,15,12,0.237
2005,15,13,0.271
2005,15,14,0.266
2005,15,15,0.214
2005,15,16,0.249
2005,15,17,0.27
2005,15,18,0.257
2005,15,19,0.226
2005,15,20,0.21
2005,16,1,0.31
2005,16,2,0.338
2005,16,3,0.325
2005,16,4,0.333
2005,16,5,0.313
2005,16,6,0.329
2005,16,7,0.302
2005,16,8,0.318
2005,16,9,0.315
2005,16,10,0.26
2005,16,11,0.225
2005,16,12,0.32
2005,16,13,0.277
2005,16,14,0.213
2005,16,15,0.238
2005,16,16,0.277
2005,16,17,0.241
2005,16,18,0.229
2005,16,19,0.281
2005,16,20,0.203
2005,17,1,0.315
2005,17,2,0.34
2005,17,3,0.341
2005,17,4,0.339
2005,17,5,0.346
2005,17,6,0.32
2005,17,7,0.324
2005,17,8,0.296
2005,17,9,0.301
2005,17,10,0.297
2005,17,11,0.295
2005,17,12,0.307
2005,17,13,0.296
2005,17,14,0.275
2005,17,15,0.245
2005,17,16,0.266
2005,17,17,0.258
2005,17,18,0.26
2005,17,19,0.315
2005,17,20,0.228
2005,18,1,0.362
2005,18,2,0.376
2005,18,3,0.342
2005,18,4,0.404
2005,18,5,0.318
2005,18,6,0.334
2005,18,7,0.295
2005,18,8,0.303
2005,18,9,0.316
2005,18,10,0.329
2005,18,11,0.309
2005,18,12,0.332
2005,18,13,0.286
2005,18,14,0.274
2005,18,15,0.36
2005,18,16,0.286
2005,18,17,0.247
2005,18,18,0.243
2005,18,19,0.231
2005,18,20,0.282
2005,19,1,0.348
2005,19,2,0.358
2005,19,3,0.347
2005,19,4,0.366
2005,19,5,0.314
2005,19,6,0.302
2005,19,7,0.336
2005,19,8,0.342
2005,19,9,0.329
2005,19,10,0.29
2005,19,11,0.329
2005,19,12,0.282
2005,19,13,0.283
2005,19,14,0.266
2005,19,15,0.328
2005,19,16,0.303
2005,19,17,0.297
2005,19,18,0.311
2005,19,19,0.353
2005,19,20,0.213
2005,20,1,0.347
2005,20,2,0.346
2005,20,3,0.333
2005,20,4,0.322
2005,20,5,0.34
2005,20,6,0.308
2005,20,7,0.349
2005,20,8,0.336
2005,20,9,0.343
2005,20,10,0.339
2005,20,11,0.337
2005,20,12,0.303
2005,20,13,0.373
2005,20,14,0.311
2005,20,15,0.243
2005,20,16,0.264
2005,20,17,0.237
2005,20,18,0.285
2005,20,19,0.275
2005,20,20,0.26
2006,1,1,0.245
2006,1,2,0.196
2006,1,3,0.197
2006,1,4,0.142
2006,1,5,0.135
2006,1,6,0.161
2006,1,7,0.16
2006,1,8,0.094
2006,1,9,0.14
2006,1,10,0.14
2006,1,11,0.129
2006,1,12,0.106
2006,1,13,0.109
2006,1,14,0.115
2006,1,15,0.118
2006,1,16,0.128
2006,1,17,0.137
2006,1,18,0.091
2006,1,19,0.081
2006,1,20,0.103
2006,2,1,0.213
2006,2,2,0.177
2006,2,3,0.209
2006,2,4,0.209
2006,2,5,0.214
2006,2,6,0.223
2006,2,7,0.139
2006,2,8,0.16
2006,2,9,0.155
2006,2,10,0.147
2006,2,11,0.126
2006,2,12,0.095
2006,2,13,0.138
2006,2,14,0.107
2006,2,15,0.128
2006,2,16,0.096
2006,2,17,0.082
2006,2,18,0.117
2006,2,19,0.11
2006,2,20,0.117
2006,3,1,0.271
2006,3,2,0.208
2006,3,3,0.21
2006,3,4,0.158
2006,3,5,0.146
2006,3,6,0.227
2006,3,7,0.147
2006,3,8,0.139
2006,3,9,0.164
2006,3,10,0.157
2006,3,11,0.128
2006,3,12,0.141
2006,3,13,0.182
2006,3,14,0.116
2006,3,15,0.093
2006,3,16,0.158
2006,3,17,0.14
2006,3,18,0.101
2006,3,19,0.068
2006,3,20,0.088
2006,4,1,0.213
2006,4,2,0.245
2006,4,3,0.174
2006,4,4,0.197
2006,4,5,0.215
2006,4,6,0.119
2006,4,7,0.216
2006,4,8,0.145
2006,4,9,0.185
2006,4,10,0.177
2006,4,11,0.198
2006,4,12,0.177
2006,4,13,0.084
2006,4,14,0.126
2006,4,15,0.149
2006,4,16,0.134
2006,4,17,0.149
2006,4,18,0.154
2006,4,19,0.143
2006,4,20,0.114
2006,5,1,0.17
2006,5,2,0.206
2006,5,3,0.227
2006,5,4,0.177
2006,5,5,0.224
2006,5,6,0.227
2006,5,7,0.199
2006,5,8,0.098
2006,5,9,0.147
2006,5,10,0.237
2006,5,11,0.159
2006,5,12,0.11
2006,5,13,0.202
2006,5,14,0.16
2006,5,15,0.188
2006,5,16,0.158
2006,5,17,0.159
2006,5,18,0.151
2006,5,19,0.156
2006,5,20,0.198
2006,6,1,0.264
2006,6,2,0.183
2006,6,3,0.238
2006,6,4,0.254
2006,6,5,0.251
2006,6,6,0.197
2006,6,7,0.24
2006,6,8,0.228
2006,6,9,0.272
2006,6,10,0.167
2006,6,11,0.17
2006,6,12,0.171
2006,6,13,0.16
2006,6,14,0.143
2006,6,15,0.082
2006,6,16,0.147
2006,6,17,0.166
2006,6,18,0.135
2006,6,19,0.203
2006,6,20,0.14
2006,7,1,0.284
2006,7,2,0.248
2006,7,3,0.26
2006,7,4,0.238
2006,7,5,0.266
2006,7,6,0.222
2006,7,7,0.23
2006,7,8,0.221
2006,7,9,0.196
2006,7,10,0.212
2006,7,11,0.262
2006,7,12,0.182
2006,7,13,0.198
2006,7,14,0.218
2006,7,15,0.209
2006,7,16,0.17
2006,7,17,0.093
2006,7,18,0.176
2006,7,19,0.088
2006,7,20,0.194
2006,8,1,0.26
2006,8,2,0.28
2006,8,3,0.218
2006,8,4,0.193
2006,8,5,0.243
2006,8,6,0.229
2006,8,7,0.21
2006,8,8,0.223
2006,8,9,0.298
2006,8,10,0.235
2006,8,11,0.236
2006,8,12,0.225
2006,8,13,0.239
2006,8,14,0.184
2006,8,15,0.123
2006,8,16,0.174
2006,8,17,0.199
2006,8,18,0.141
2006,8,19,0.16
2006,8,20,0.139
2006,9,1,0.31
2006,9,2,0.282
2006,9,3,0.275
2006,9,4,0.269
2006,9,5,0.244
2006,9,6,0.246
2006,9,7,0.199
2006,9,8,0.164
2006,9,9,0.23
2006,9,10,0.23
2006,9,11,0.251
2006,9,12,0.257
2006,9,13,0.252
2006,9,14,0.17
2006,9,15,0.184
2006,9,16,0.204
2006,9,17,0.261
2006,9,18,0.224
2006,9,19,0.209
2006,9,20,0.158
2006,10,1,0.249
2006,10,2,0.294
2006,10,3,0.232
2006,10,4,0.253
2006,10,5,0.252
2006,10,6,0.298
2006,10,7,0.234
2006,10,8,0.167
2006,10,9,0.25
2006,10,10,0.209
2006,10,11,0.226
2006,10,12,0.217
2006,10,13,0.207
2006,10,14,0.234
2006,10,15,0.159
2006,10,16,0.184
2006,10,17,0.216
2006,10,18,0.172
2006,10,19,0.137
2006,10,20,0.2
2006,11,1,0.319
2006,11,2,0.279
2006,11,3,0.216
2006,11,4,0.291
2006,11,5,0.215
2006,11,6,0.269
2006,11,7,0.228
2006,11,8,0.215
2006,11,9,0.232
2006,11,10,0.235
2006,11,11,0.216
2006,11,12,0.248
2006,11,13,0.212
2006,11,14,0.249
2006,11,15,0.223
2006,11,16,0.189
2006,11,17,0.179
2006,11,18,0.151
2006,11,19,0.204
2006,11,20,0.179
2006,12,1,0.224
2006,12,2,0.274
2006,12,3,0.258
2006,12,4,0.327
2006,12,5,0.224
2006,12,6,0.227
2006,12,7,0.298
2006,12,8,0.301
2006,12,9,0.233
2006,12,10,0.231
2006,12,11,0.263
2006,12,12,0.17
2006,12,13,0.179
2006,12,14,0.222
2006,12,15,0.271
2006,12,16,0.207
2006,12,17,0.218
2006,12,18,0.244
2006,12,19,0.268
2006,12,20,0.183
2006,13,1,0.304
2006,13,2,0.355
2006,13,3,0.249
2006,13,4,0.321
2006,13,5,0.254
2006,13,6,0.283
2006,13,7,0.268
2006,13,8,0.241
2006,13,9,0.236
2006,13,10,0.268
2006,13,11,0.285
2006,13,12,0.246
2006,13,13,0.247
2006,13,14,0.257
2006,13,15,0.206
2006,13,16,0.252
2006,13,17,0.25
2006,13,18,0.298
2006,13,19,0.204
2006,13,20,0.196
2006,14,1,0.338
2006,14,2,0.335
2006,14,3,0.289
2006,14,4,0.288
2006,14,5,0.311
2006,14,6,0.265
2006,14,7,0.273
2006,14,8,0.283
2006,14,9,0.305
2006,14,10,0.252
2006,14,11,0.21
2006,14,12,0.203
2006,14,13,0.217
2006,14,14,0.211
2006,14,15,0.24
2006,14,16,0.204
2006,14,17,0.214
2006,14,18,0.207
2006,14,19,0.212
2006,14,20,0.26
2006,15,1,0.345
2006,15,2,0.32
2006,15,3,0.301
2006,15,4,0.297
2006,15,5,0.315
2006,15,6,0.318
2006,15,7,0.268
2006,15,8,0.291
2006,15,9,0.224
2006,15,10,0.286
2006,15,11,0.298
2006,15,12,0.262
2006,15,13,0.319
2006,15,14,0.234
2006,15,15,0.262
2006,15,16,0.249
2006,15,17,0.242
2006,15,18,0.237
2006,15,19,0.238
2006,15,20,0.255
2006,16,1,0.376
2006,16,2,0.33
2006,16,3,0.349
2006,16,4,0.299
2006,16,5,0.338
2006,16,6,0.287
2006,16,7,0.338
2006,16,8,0.366
2006,16,9,0.291
2006,16,10,0.224
2006,16,11,0.269
2006,16,12,0.317
2006,16,13,0.292
2006,16,14,0.277
2006,16,15,0.295
2006,16,16,0.275
2006,16,17,0.292
2006,16,18,0.278
2006,16,19,0.291
2006,16,20,0.251
2006,17,1,0.372
2006,17,2,0.331
2006,17,3,0.317
2006,17,4,0.381
2006,17,5,0.331
2006,17,6,0.344
2006,17,7,0.319
2006,17,8,0.292
2006,17,9,0.305
2006,17,10,0.343
2006,17,11,0.312
2006,17,12,0.239
2006,17,13,0.279
2006,17,14,0.333
2006,17,15,0.269
2006,17,16,0.216
2006,17,17,0.322
2006,17,18,0.28
2006,17,19,0.253
2006,17,20,0.239
2006,18,1,0.387
2006,18,2,0.334
2006,18,3,0.379
2006,18,4,0.356
2006,18,5,0.342
2006,18,6,0.334
2006,18,7,0.32
2006,18,8,0.351
2006,18,9,0.289
2006,18,10,0.261
2006,18,11,0.323
2006,18,12,0.319
2006,18,13,0.309
2006,18,14,0.302
2006,18,15,0.275
2006,18,16,0.304
2006,18,17,0.274
2006,18,18,0.255
2006,18,19,0.256
2006,18,20,0.321
2006,19,1,0.313
2006,19,2,0.375
2006,19,3,0.305
2006,19,4,0.347
2006,19,5,0.332
2006,19,6,0.277
2006,19,7,0.347
2006,19,8,0.319
2006,19,9,0.262
2006,19,10,0.345
2006,19,11,0.358
2006,19,12,0.355
2006,19,13,0.316
2006,19,14,0.301
2006,19,15,0.335
2006,19,16,0.34
2006,19,17,0.319
2006,19,18,0.252
2006,19,19,0.281
2006,19,20,0.283
2006,20,1,0.321
2006,20,2,0.384
2006,20,3,0.433
2006,20,4,0.379
2006,20,5,0.399
2006,20,6,0.355
2006,20,7,0.343
2006,20,8,0.351
2006,20,9,0.311
2006,20,10,0.301
2006,20,11,0.363
2006,20,12,0.361
2006,20,13,0.285
2006,20,14,0.339
2006,20,15,0.302
2006,20,16,0.31
2006,20,17,0.309
2006,20,18,0.32
2006,20,19,0.287
2006,20,20,0.322
2007,1,1,0.2
2007,1,2,0.205
2007,1,3,0.156
2007,1,4,0.241
2007,1,5,0.185
2007,1,6,0.187
2007,1,7,0.113
2007,1,8,0.131
2007,1,9,0.188
2007,1,10,0.155
2007,1,11,0.084
2007,1,12,0.167
2007,1,13,0.115
2007,1,14,0.168
2007,1,15,0.118
2007,1,16,0.122
2007,1,17,0.146
2007,1,18,0.079
2007,1,19,0.071
2007,1,20,0.09
2007,2,1,0.226
2007,2,2,0.156
2007,2,3,0.141
2007,2,4,0.211
2007,2,5,0.163
2007,2,6,0.164
2007,2,7,0.115
2007,2,8,0.146
2007,2,9,0.161
2007,2,10,0.184
2007,2,11,0.128
2007,2,12,0.196
2007,2,13,0.12
2007,2,14,0.116
2007,2,15,0.177
2007,2,16,0.132
2007,2,17,0.104
2007,2,18,0.111
2007,2,19,0.152
2007,2,20,0.15
2007,3,1,0.186
2007,3,2,0.205
2007,3,3,0.204
2007,3,4,0.166
2007,3,5,0.189
2007,3,6,0.186
2007,3,7,0.215
2007,3,8,0.212
2007,3,9,0.161
2007,3,10,0.16
2007,3,11,0.181
2007,3,12,0.138
2007,3,13,0.169
2007,3,14,0.143
2007,3,15,0.112
2007,3,16,0.107
2007,3,17,0.174
2007,3,18,0.121
2007,3,19,0.17
2007,3,20,0.101
2007,4,1,0.23
2007,4,2,0.288
2007,4,3,0.179
2007,4,4,0.149
2007,4,5,0.24
2007,4,6,0.171
2007,4,7,0.19
2007,4,8,0.168
2007,4,9,0.189
2007,4,10,0.147
2007,4,11,0.166
2007,4,12,0.179
2007,4,13,0.131
2007,4,14,0.135
2007,4,15,0.141
2007,4,16,0.103
2007,4,17,0.128
2007,4,18,0.14
2007,4,19,0.119
2007,4,20,0.118
2007,5,1,0.23
2007,5,2,0.206
2007,5,3,0.242
2007,5,4,0.259
2007,5,5,0.197
2007,5,6,0.221
2007,5,7,0.194
2007,5,8,0.207
2007,5,9,0.238
2007,5,10,0.201
2007,5,11,0.128
2007,5,12,0.19
2007,5,13,0.208
2007,5,14,0.159
2007,5,15,0.191
2007,5,16,0.135
2007,5,17,0.106
2007,5,18,0.15
2007,5,19,0.088
2007,5,20,0.129
2007,6,1,0.28
2007,6,2,0.179
2007,6,3,0.193
2007,6,4,0.195
2007,6,5,0.219
2007,6,6,0.205
2007,6,7,0.253
2007,6,8,0.235
2007,6,9,0.216
2007,6,10,0.2
2007,6,11,0.203
2007,6,12,0.16
2007,6,13,0.207
2007,6,14,0.143
2007,6,15,0.196
2007,6,16,0.202
2007,6,17,0.167
2007,6,18,0.151
2007,6,19,0.163
2007,6,20,0.06
2007,7,1,0.26
2007,7,2,0.243
2007,7,3,0.239
2007,7,4,0.257
2007,7,5,0.229
2007,7,6,0.192
2007,7,7,0.217
2007,7,8,0.218
2007,7,9,0.214
2007,7,10,0.211
2007,7,11,0.232
2007,7,12,0.163
2007,7,13,0.196
2007,7,14,0.225
2007,7,15,0.129
2007,7,16,0.181
2007,7,17,0.153
2007,7,18,0.155
2007,7,19,0.134
2007,7,20,0.151
2007,8,1,0.316
2007,8,2,0.218
2007,8,3,0.216
2007,8,4,0.207
2007,8,5,0.293
2007,8,6,0.222
2007,8,7,0.23
2007,8,8,0.214
2007,8,9,0.193
2007,8,10,0.209
2007,8,11,0.285
2007,8,12,0.248
2007,8,13,0.175
2007,8,14,0.215
2007,8,15,0.166
2007,8,16,0.133
2007,8,17,0.212
2007,8,18,0.211
2007,8,19,0.202
2007,8,20,0.152
2007,9,1,0.266
2007,9,2,0.288
2007,9,3,0.273
2007,9,4,0.244
2007,9,5,0.202
2007,9,6,0.249
2007,9,7,0.273
2007,9,8,0.2
2007,9,9,0.25
2007,9,10,0.236
2007,9,11,0.244
2007,9,12,0.242
2007,9,13,0.19
2007,9,14,0.157
2007,9,15,0.185
2007,9,16,0.223
2007,9,17,0.175
2007,9,18,0.165
2007,9,19,0.126
2007,9,20,0.229
2007,10,1,0.306
2007,10,2,0.299
2007,10,3,0.3
2007,10,4,0.283
2007,10,5,0.254
2007,10,6,0.251
2007,10,7,0.238
2007,10,8,0.325
2007,10,9,0.258
2007,10,10,0.222
2007,10,11,0.245
2007,10,12,0.196
2007,10,13,0.266
2007,10,14,0.196
2007,10,15,0.226
2007,10,16,0.238
2007,10,17,0.213
2007,10,18,0.199
2007,10,19,0.191
2007,10,20,0.184
2007,11,1,0.274
2007,11,2,0.273
2007,11,3,0.325
2007,11,4,0.273
2007,11,5,0.247
2007,11,6,0.251
2007,11,7,0.294
2007,11,8,0.276
2007,11,9,0.268
2007,11,10,0.238
2007,11,11,0.258
2007,11,12,0.217
2007,11,13,0.223
2007,11,14,0.255
2007,11,15,0.247
2007,11,16,0.187
2007,11,17,0.185
2007,11,18,0.209
2007,11,19,0.253
2007,11,20,0.139
2007,12,1,0.309
2007,12,2,0.255
2007,12,3,0.272
2007,12,4,0.275
2007,12,5,0.268
2007,12,6,0.26
2007,12,7,0.271
2007,12,8,0.25
2007,12,9,0.217
2007,12,10,0.279
2007,12,11,0.274
2007,12,12,0.271
2007,12,13,0.195
2007,12,14,0.245
2007,12,15,0.251
2007,12,16,0.195
2007,12,17,0.221
2007,12,18,0.213
2007,12,19,0.266
2007,12,20,0.264
2007,13,1,0.261
2007,13,2,0.381
2007,13,3,0.274
2007,13,4,0.325
2007,13,5,0.32
2007,13,6,0.256
2007,13,7,0.296
2007,13,8,0.273
2007,13,9,0.288
2007,13,10,0.273
2007,13,11,0.297
2007,13,12,0.258
2007,13,13,0.246
2007,13,14,0.279
2007,13,15,0.258
2007,13,16,0.258
2007,13,17,0.211
2007,13,18,0.195
2007,13,19,0.204
2007,13,20,0.197
2007,14,1,0.345
2007,14,2,0.345
2007,14,3,0.306
2007,14,4,0.349
2007,14,5,0.342
2007,14,6,0.303
2007,14,7,0.266
2007,14,8,0.333
2007,14,9,0.279
2007,14,10,0.28
2007,14,11,0.261
2007,14,12,0.239
2007,14,13,0.217
2007,14,14,0.275
2007,14,15,0.227
2007,14,16,0.338
2007,14,17,0.208
2007,14,18,0.198
2007,14,19,0.246
2007,14,20,0.272
2007,15,1,0.333
2007,15,2,0.343
2007,15,3,0.266
2007,15,4,0.296
2007,15,5,0.279
2007,15,6,0.249
2007,15,7,0.305
2007,15,8,0.229
2007,15,9,0.251
2007,15,10,0.27
2007,15,11,0.256
2007,15,12,0.288
2007,15,13,0.28
2007,15,14,0.293
2007,15,15,0.284
2007,15,16,0.29
2007,15,17,0.251
2007,15,18,0.255
2007,15,19,0.256
2007,15,20,0.24
2007,16,1,0.329
2007,16,2,0.326
2007,16,3,0.306
2007,16,4,0.339
2007,16,5,0.318
2007,16,6,0.296
2007,16,7,0.291
2007,16,8,0.27
2007,16,9,0.33
2007,16,10,0.298
2007,16,11,0.265
2007,16,12,0.31
2007,16,13,0.264
2007,16,14,0.234
2007,16,15,0.302
2007,16,16,0.25
2007,16,17,0.249
2007,16,18,0.257
2007,16,19,0.285
2007,16,20,0.247
2007,17,1,0.315
2007,17,2,0.362
2007,17,3,0.326
2007,17,4,0.393
2007,17,5,0.331
2007,17,6,0.259
2007,17,7,0.332
2007,17,8,0.374
2007,17,9,0.358
2007,17,10,0.361
2007,17,11,0.27
2007,17,12,0.323
2007,17,13,0.269
2007,17,14,0.293
2007,17,15,0.243
2007,17,16,0.257
2007,17,17,0.251
2007,17,18,0.293
2007,17,19,0.285
2007,17,20,0.264
2007,18,1,0.32
2007,18,2,0.347
2007,18,3,0.329
2007,18,4,0.372
2007,18,5,0.376
2007,18,6,0.368
2007,18,7,0.308
2007,18,8,0.244
2007,18,9,0.268
2007,18,10,0.359
2007,18,11,0.299
2007,18,12,0.283
2007,18,13,0.35
2007,18,14,0.334
2007,18,15,0.292
2007,18,16,0.277
2007,18,17,0.277
2007,18,18,0.283
2007,18,19,0.319
2007,18,20,0.279
2007,19,1,0.393
2007,19,2,0.401
2007,19,3,0.326
2007,19,4,0.379
2007,19,5,0.342
2007,19,6,0.271
2007,19,7,0.277
2007,19,8,0.305
2007,19,9,0.347
2007,19,10,0.329
2007,19,11,0.327
2007,19,12,0.375
2007,19,13,0.273
2007,19,14,0.305
2007,19,15,0.31
2007,19,16,0.274
2007,19,17,0.292
2007,19,18,0.238
2007,19,19,0.323
2007,19,20,0.256
2007,20,1,0.442
2007,20,2,0.375
2007,20,3,0.402
2007,20,4,0.364
2007,20,5,0.36
2007,20,6,0.338
2007,20,7,0.355
2007,20,8,0.356
2007,20,9,0.317
2007,20,10,0.332
2007,20,11,0.313
2007,20,12,0.395
2007,20,13,0.318
2007,20,14,0.362
2007,20,15,0.305
2007,20,16,0.314
2007,20,17,0.261
2007,20,18,0.283
2007,20,19,0.297
2007,20,20,0.334
2008,1,1,0.204
2008,1,2,0.234
2008,1,3,0.206
2008,1,4,0.231
2008,1,5,0.175
2008,1,6,0.244
2008,1,7,0.152
2008,1,8,0.139
2008,1,9,0.121
2008,1,10,0.222
2008,1,11,0.172
2008,1,12,0.132
2008,1,13,0.174
2008,1,14,0.153
2008,1,15,0.186
2008,1,16,0.076
2008,1,17,0.109
2008,1,18,0.098
2008,1,19,0.048
2008,1,20,0.134
2008,2,1,0.199
2008,2,2,0.224
2008,2,3,0.268
2008,2,4,0.181
2008,2,5,0.174
2008,2,6,0.186
2008,2,7,0.207
2008,2,8,0.155
2008,2,9,0.148
2008,2,10,0.194
2008,2,11,0.168
2008,2,12,0.091
2008,2,13,0.11
2008,2,14,0.187
2008,2,15,0.149
2008,2,16,0.109
2008,2,17,0.122
2008,2,18,0.122
2008,2,19,0.139
2008,2,20,0.071
2008,3,1,0.192
2008,3,2,0.22
2008,3,3,0.204
2008,3,4,0.219
2008,3,5,0.16
2008,3,6,0.203
2008,3,7,0.22
2008,3,8,0.197
2008,3,9,0.181
2008,3,10,0.169
2008,3,11,0.142
2008,3,12,0.16
2008,3,13,0.195
2008,3,14,0.148
2008,3,15,0.12
2008,3,16,0.127
2008,3,17,0.143
2008,3,18,0.121
2008,3,19,0.142
2008,3,20,0.138
2008,4,1,0.254
2008,4,2,0.265
2008,4,3,0.247
2008,4,4,0.184
2008,4,5,0.18
2008,4,6,0.2
2008,4,7,0.183
2008,4,8,0.158
2008,4,9,0.174
2008,4,10,0.168
2008,4,11,0.157
2008,4,12,0.163
2008,4,13,0.202
2008,4,14,0.168
2008,4,15,0.231
2008,4,16,0.157
2008,4,17,0.138
2008,4,18,0.142
2008,4,19,0.145
2008,4,20,0.145
2008,5,1,0.299
2008,5,2,0.207
2008,5,3,0.253
2008,5,4,0.228
2008,5,5,0.17
2008,5,6,0.235
2008,5,7,0.245
2008,5,8,0.176
2008,5,9,0.197
2008,5,10,0.14
2008,5,11,0.149
2008,5,12,0.213
2008,5,13,0.163
2008,5,14,0.139
2008,5,15,0.174
2008,5,16,0.146
2008,5,17,0.143
2008,5,18,0.174
2008,5,19,0.112
2008,5,20,0.115
2008,6,1,0.252
2008,6,2,0.271
2008,6,3,0.274
2008,6,4,0.212
2008,6,5,0.255
2008,6,6,0.198
2008,6,7,0.272
2008,6,8,0.178
2008,6,9,0.247
2008,6,10,0.182
2008,6,11,0.257
2008,6,12,0.21
2008,6,13,0.157
2008,6,14,0.166
2008,6,15,0.2
2008,6,16,0.204
2008,6,17,0.165
2008,6,18,0.163
2008,6,19,0.18
2008,6,20,0.156
2008,7,1,0.218
2008,7,2,0.228
2008,7,3,0.254
2008,7,4,0.278
2008,7,5,0.285
2008,7,6,0.255
2008,7,7,0.236
2008,7,8,0.244
2008,7,9,0.197
2008,7,10,0.207
2008,7,11,0.182
2008,7,12,0.165
2008,7,13,0.207
2008,7,14,0.198
2008,7,15,0.208
2008,7,16,0.198
2008,7,17,0.184
2008,7,18,0.189
2008,7,19,0.166
2008,7,20,0.174
2008,8,1,0.245
2008,8,2,0.273
2008,8,3,0.277
2008,8,4,0.232
2008,8,5,0.249
2008,8,6,0.223
2008,8,7,0.221
2008,8,8,0.198
2008,8,9,0.265
2008,8,10,0.254
2008,8,11,0.233
2008,8,12,0.271
2008,8,13,0.201
2008,8,14,0.293
2008,8,15,0.19
2008,8,16,0.2
2008,8,17,0.175
2008,8,18,0.193
2008,8,19,0.202
2008,8,20,0.169
2008,9,1,0.33
2008,9,2,0.279
2008,9,3,0.275
2008,9,4,0.235
2008,9,5,0.27
2008,9,6,0.248
2008,9,7,0.229
2008,9,8,0.219
2008,9,9,0.317
2008,9,10,0.224
2008,9,11,0.183
2008,9,12,0.201
2008,9,13,0.215
2008,9,14,0.228
2008,9,15,0.224
2008,9,16,0.222
2008,9,17,0.178
2008,9,18,0.202
2008,9,19,0.161
2008,9,20,0.163
2008,10,1,0.259
2008,10,2,0.246
2008,10,3,0.309
2008,10,4,0.293
2008,10,5,0.296
2008,10,6,0.263
2008,10,7,0.28
2008,10,8,0.199
2008,10,9,0.273
2008,10,10,0.247
2008,10,11,0.256
2008,10,12,0.243
2008,10,13,0.197
2008,10,14,0.177
2008,10,15,0.196
2008,10,16,0.229
2008,10,17,0.228
2008,10,18,0.161
2008,10,19,0.168
2008,10,20,0.17
2008,11,1,0.286
2008,11,2,0.251
2008,11,3,0.244
2008,11,4,0.257
2008,11,5,0.28
2008,11,6,0.237
2008,11,7,0.264
2008,11,8,0.294
2008,11,9,0.218
2008,11,10,0.246
2008,11,11,0.278
2008,11,12,0.229
2008,11,13,0.22
2008,11,14,0.267
2008,11,15,0.218
2008,11,16,0.255
2008,11,17,0.23
2008,11,18,0.202
2008,11,19,0.221
2008,11,20,0.212
2008,12,1,0.338
2008,12,2,0.286
2008,12,3,0.298
2008,12,4,0.29
2008,12,5,0.308
2008,12,6,0.251
2008,12,7,0.308
2008,12,8,0.286
2008,12,9,0.227
2008,12,10,0.298
2008,12,11,0.324
2008,12,12,0.282
2008,12,13,0.29
2008,12,14,0.245
2008,12,15,0.187
2008,12,16,0.177
2008,12,17,0.235
2008,12,18,0.204
2008,12,19,0.19
2008,12,20,0.21
2008,13,1,0.335
2008,13,2,0.268
2008,13,3,0.294
2008,13,4,0.347
2008,13,5,0.265
2008,13,6,0.318
2008,13,7,0.272
2008,13,8,0.298
2008,13,9,0.31
2008,13,10,0.294
2008,13,11,0.294
2008,13,12,0.227
2008,13,13,0.29
2008,13,14,0.226
2008,13,15,0.255
2008,13,16,0.25
2008,13,17,0.252
2008,13,18,0.242
2008,13,19,0.202
2008,13,20,0.182
2008,14,1,0.353
2008,14,2,0.328
2008,14,3,0.351
2008,14,4,0.311
2008,14,5,0.265
2008,14,6,0.331
2008,14,7,0.286
2008,14,8,0.302
2008,14,9,0.268
2008,14,10,0.331
2008,14,11,0.251
2008,14,12,0.262
2008,14,13,0.27
2008,14,14,0.229
2008,14,15,0.267
2008,14,16,0.3
2008,14,17,0.232
2008,14,18,0.254
2008,14,19,0.155
2008,14,20,0.231
2008,15,1,0.328
2008,15,2,0.307
2008,15,3,0.359
2008,15,4,0.312
2008,15,5,0.312
2008,15,6,0.301
2008,15,7,0.249
2008,15,8,0.268
2008,15,9,0.326
2008,15,10,0.229
2008,15,11,0.264
2008,15,12,0.27
2008,15,13,0.329
2008,15,14,0.295
2008,15,15,0.25
2008,15,16,0.301
2008,15,17,0.235
2008,15,18,0.282
2008,15,19,0.206
2008,15,20,0.274
2008,16,1,0.335
2008,16,2,0.311
2008,16,3,0.33
2008,16,4,0.34
2008,16,5,0.312
2008,16,6,0.339
2008,16,7,0.3
2008,16,8,0.331
2008,16,9,0.32
2008,16,10,0.3
2008,16,11,0.284
2008,16,12,0.297
2008,16,13,0.304
2008,16,14,0.344
2008,16,15,0.305
2008,16,16,0.301
2008,16,17,0.36
2008,16,18,0.277
2008,16,19,0.272
2008,16,20,0.273
2008,17,1,0.327
2008,17,2,0.339
2008,17,3,0.332
2008,17,4,0.361
2008,17,5,0.332
2008,17,6,0.336
2008,17,7,0.36
2008,17,8,0.348
2008,17,9,0.312
2008,17,10,0.292
2008,17,11,0.341
2008,17,12,0.325
2008,17,13,0.249
2008,17,14,0.283
2008,17,15,0.292
2008,17,16,0.305
2008,17,17,0.304
2008,17,18,0.281
2008,17,19,0.285
2008,17,20,0.264
2008,18,1,0.347
2008,18,2,0.354
2008,18,3,0.358
2008,18,4,0.351
2008,18,5,0.29
2008,18,6,0.33
2008,18,7,0.339
2008,18,8,0.324
2008,18,9,0.32
2008,18,10,0.337
2008,18,11,0.285
2008,18,12,0.263
2008,18,13,0.297
2008,18,14,0.325
2008,18,15,0.348
2008,18,16,0.315
2008,18,17,0.243
2008,18,18,0.275
2008,18,19,0.285
2008,18,20,0.277
2008,19,1,0.393
2008,19,2,0.344
2008,19,3,0.369
2008,19,4,0.375
2008,19,5,0.382
2008,19,6,0.328
2008,19,7,0.337
2008,19,8,0.261
2008,19,9,0.318
2008,19,10,0.316
2008,19,11,0.296
2008,19,12,0.327
2008,19,13,0.315
2008,19,14,0.244
2008,19,15,0.313
2008,19,16,0.274
2008,19,17,0.312
2008,19,18,0.254
2008,19,19,0.288
2008,19,20,0.274
2008,20,1,0.396
2008,20,2,0.386
2008,20,3,0.369
2008,20,4,0.326
2008,20,5,0.323
2008,20,6,0.344
2008,20,7,0.357
2008,20,8,0.334
2008,20,9,0.366
2008,20,10,0.334
2008,20,11,0.308
2008,20,12,0.324
2008,20,13,0.334
2008,20,14,0.332
2008,20,15,0.373
2008,20,16,0.292
2008,20,17,0.305
2008,20,18,0.315
2008,20,19,0.296
2008,20,20,0.277
2009,1,1,0.157
2009,1,2,0.183
2009,1,3,0.161
2009,1,4,0.136
2009,1,5,0.159
2009,1,6,0.147
2009,1,7,0.191
2009,1,8,0.186
2009,1,9,0.136
2009,1,10,0.15
2009,1,11,0.097
2009,1,12,0.133
2009,1,13,0.155
2009,1,14,0.163
2009,1,15,0.112
2009,1,16,0.16
2009,1,17,0.078
2009,1,18,0.081
2009,1,19,0.134
2009,1,20,0.158
2009,2,1,0.228
2009,2,2,0.207
2009,2,3,0.137
2009,2,4,0.137
2009,2,5,0.197
2009,2,6,0.177
2009,2,7,0.15
2009,2,8,0.18
2009,2,9,0.176
2009,2,10,0.196
2009,2,11,0.167
2009,2,12,0.195
2009,2,13,0.153
2009,2,14,0.145
2009,2,15,0.175
2009,2,16,0.109
2009,2,17,0.217
2009,2,18,0.139
2009,2,19,0.134
2009,2,20,0.134
2009,3,1,0.279
2009,3,2,0.242
2009,3,3,0.165
2009,3,4,0.25
2009,3,5,0.193
2009,3,6,0.201
2009,3,7,0.155
2009,3,8,0.204
2009,3,9,0.163
2009,3,10,0.181
2009,3,11,0.164
2009,3,12,0.226
2009,3,13,0.222
2009,3,14,0.159
2009,3,15,0.155
2009,3,16,0.137
2009,3,17,0.176
2009,3,18,0.128
2009,3,19,0.12
2009,3,20,0.157
2009,4,1,0.217
2009,4,2,0.227
2009,4,3,0.176
2009,4,4,0.239
2009,4,5,0.271
2009,4,6,0.23
2009,4,7,0.247
2009,4,8,0.173
2009,4,9,0.2
2009,4,10,0.16
2009,4,11,0.176
2009,4,12,0.201
2009,4,13,0.176
2009,4,14,0.126
2009,4,15,0.124
2009,4,16,0.117
2009,4,17,0.168
2009,4,18,0.21
2009,4,19,0.184
2009,4,20,0.081
2009,5,1,0.286
2009,5,2,0.266
2009,5,3,0.187
2009,5,4,0.219
2009,5,5,0.256
2009,5,6,0.235
2009,5,7,0.174
2009,5,8,0.226
2009,5,9,0.139
2009,5,10,0.191
2009,5,11,0.227
2009,5,12,0.189
2009,5,13,0.168
2009,5,14,0.205
2009,5,15,0.202
2009,5,16,0.207
2009,5,17,0.189
2009,5,18,0.19
2009,5,19,0.175
2009,5,20,0.156
2009,6,1,0.256
2009,6,2,0.241
2009,6,3,0.207
2009,6,4,0.209
2009,6,5,0.225
2009,6,6,0.235
2009,6,7,0.266
2009,6,8,0.217
2009,6,9,0.243
2009,6,10,0.24
2009,6,11,0.196
2009,6,12,0.216
2009,6,13,0.186
2009,6,14,0.228
2009,6,15,0.202
2009,6,16,0.142
2009,6,17,0.178
2009,6,18,0.217
2009,6,19,0.158
2009,6,20,0.171
2009,7,1,0.279
2009,7,2,0.227
2009,7,3,0.268
2009,7,4,0.206
2009,7,5,0.224
2009,7,6,0.27
2009,7,7,0.244
2009,7,8,0.219
2009,7,9,0.236
2009,7,10,0.216
2009,7,11,0.213
2009,7,12,0.228
2009,7,13,0.181
2009,7,14,0.199
2009,7,15,0.184
2009,7,16,0.14
2009,7,17,0.155
2009,7,18,0.225
2009,7,19,0.185
2009,7,20,0.128
2009,8,1,0.227
2009,8,2,0.265
2009,8,3,0.31
2009,8,4,0.252
2009,8,5,0.292
2009,8,6,0.259
2009,8,7,0.257
2009,8,8,0.198
2009,8,9,0.261
2009,8,10,0.218
2009,8,11,0.249
2009,8,12,0.194
2009,8,13,0.218
2009,8,14,0.219
2009,8,15,0.198
2009,8,16,0.21
2009,8,17,0.185
2009,8,18,0.169
2009,8,19,0.231
2009,8,20,0.209
2009,9,1,0.26
2009,9,2,0.295
2009,9,3,0.251
2009,9,4,0.232
2009,9,5,0.294
2009,9,6,0.207
2009,9,7,0.281
2009,9,8,0.24
2009,9,9,0.237
2009,9,10,0.25
2009,9,11,0.25
2009,9,12,0.203
2009,9,13,0.245
2009,9,14,0.221
2009,9,15,0.175
2009,9,16,0.203
2009,9,17,0.244
2009,9,18,0.248
2009,9,19,0.215
2009,9,20,0.152
2009,10,1,0.308
2009,10,2,0.314
2009,10,3,0.305
2009,10,4,0.302
2009,10,5,0.284
2009,10,6,0.266
2009,10,7,0.245
2009,10,8,0.201
2009,10,9,0.263
2009,10,10,0.254
2009,10,11,0.26
2009,10,12,0.198
2009,10,13,0.252
2009,10,14,0.29
2009,10,15,0.225
2009,10,16,0.216
2009,10,17,0.222
2009,10,18,0.269
2009,10,19,0.172
2009,10,20,0.204
2009,11,1,0.279
2009,11,2,0.282
2009,11,3,0.292
2009,11,4,0.328
2009,11,5,0.337
2009,11,6,0.291
2009,11,7,0.262
2009,11,8,0.343
2009,11,9,0.25
2009,11,10,0.241
2009,11,11,0.2
2009,11,12,0.29
2009,11,13,0.272
2009,11,14,0.311
2009,11,15,0.191
2009,11,16,0.272
2009,11,17,0.225
2009,11,18,0.242
2009,11,19,0.164
2009,11,20,0.252
2009,12,1,0.337
2009,12,2,0.307
2009,12,3,0.322
2009,12,4,0.275
2009,12,5,0.276
2009,12,6,0.274
2009,12,7,0.227
2009,12,8,0.304
2009,12,9,0.309
2009,12,10,0.247
2009,12,11,0.273
2009,12,12,0.25
2009,12,13,0.263
2009,12,14,0.229
2009,12,15,0.216
2009,12,16,0.27
2009,12,17,0.231
2009,12,18,0.289
2009,12,19,0.224
2009,12,20,0.19
2009,13,1,0.36
2009,13,2,0.337
2009,13,3,0.335
2009,13,4,0.344
2009,13,5,0.283
2009,13,6,0.294
2009,13,7,0.288
2009,13,8,0.249
2009,13,9,0.275
2009,13,10,0.318
2009,13,11,0.28
2009,13,12,0.228
2009,13,13,0.216
2009,13,14,0.308
2009,13,15,0.25
2009,13,16,0.229
2009,13,17,0.235
2009,13,18,0.194
2009,13,19,0.276
2009,13,20,0.216
2009,14,1,0.374
2009,14,2,0.33
2009,14,3,0.366
2009,14,4,0.326
2009,14,5,0.339
2009,14,6,0.33
2009,14,7,0.322
2009,14,8,0.308
2009,14,9,0.286
2009,14,10,0.345
2009,14,11,0.256
2009,14,12,0.278
2009,14,13,0.273
2009,14,14,0.28
2009,14,15,0.25
2009,14,16,0.267
2009,14,17,0.248
2009,14,18,0.201
2009,14,19,0.243
2009,14,20,0.205
2009,15,1,0.291
2009,15,2,0.342
2009,15,3,0.348
2009,15,4,0.344
2009,15,5,0.34
2009,15,6,0.26
2009,15,7,0.272
2009,15,8,0.367
2009,15,9,0.272
2009,15,10,0.316
2009,15,11,0.272
2009,15,12,0.29
2009,15,13,0.264
2009,15,14,0.295
2009,15,15,0.277
2009,15,16,0.255
2009,15,17,0.231
2009,15,18,0.266
2009,15,19,0.217
2009,15,20,0.261
2009,16,1,0.432
2009,16,2,0.389
2009,16,3,0.365
2009,16,4,0.335
2009,16,5,0.275
2009,16,6,0.288
2009,16,7,0.361
2009,16,8,0.294
2009,16,9,0.292
2009,16,10,0.303
2009,16,11,0.271
2009,16,12,0.261
2009,16,13,0.291
2009,16,14,0.261
2009,16,15,0.261
2009,16,16,0.255
2009,16,17,0.289
2009,16,18,0.261
2009,16,19,0.258
2009,16,20,0.276
2009,17,1,0.359
2009,17,2,0.35
2009,17,3,0.367
2009,17,4,0.368
2009,17,5,0.339
2009,17,6,0.34
2009,17,7,0.31
2009,17,8,0.302
2009,17,9,0.346
2009,17,10,0.331
2009,17,11,0.327
2009,17,12,0.316
2009,17,13,0.304
2009,17,14,0.319
2009,17,15,0.321
2009,17,16,0.315
2009,17,17,0.28
2009,17,18,0.32
2009,17,19,0.28
2009,17,20,0.287
2009,18,1,0.381
2009,18,2,0.375
2009,18,3,0.341
2009,18,4,0.379
2009,18,5,0.438
2009,18,6,0.337
2009,18,7,0.345
2009,18,8,0.325
2009,18,9,0.318
2009,18,10,0.374
2009,18,11,0.303
2009,18,12,0.304
2009,18,13,0.265
2009,18,14,0.285
2009,18,15,0.252
2009,18,16,0.317
2009,18,17,0.377
2009,18,18,0.277
2009,18,19,0.233
2009,18,20,0.305
2009,19,1,0.361
2009,19,2,0.417
2009,19,3,0.365
2009,19,4,0.349
2009,19,5,0.358
2009,19,6,0.381
2009,19,7,0.346
2009,19,8,0.333
2009,19,9,0.337
2009,19,10,0.3
2009,19,11,0.345
2009,19,12,0.274
2009,19,13,0.31
2009,19,14,0.341
2009,19,15,0.322
2009,19,16,0.326
2009,19,17,0.301
2009,19,18,0.333
2009,19,19,0.321
2009,19,20,0.301
2009,20,1,0.421
2009,20,2,0.411
2009,20,3,0.37
2009,20,4,0.338
2009,20,5,0.386
2009,20,6,0.384
2009,20,7,0.396
2009,20,8,0.33
2009,20,9,0.326
2009,20,10,0.362
2009,20,11,0.341
2009,20,12,0.281
2009,20,13,0.344
2009,20,14,0.272
2009,20,15,0.295
2009,20,16,0.359
2009,20,17,0.368
2009,20,18,0.272
2009,20,19,0.293
2009,20,20,0.299
2010,1,1,0.262
2010,1,2,0.189
2010,1,3,0.185
2010,1,4,0.24
2010,1,5,0.178
2010,1,6,0.206
2010,1,7,0.135
2010,1,8,0.169
2010,1,9,0.119
2010,1,10,0.132
2010,1,11,0.184
2010,1,12,0.153
2010,1,13,0.139
2010,1,14,0.122
2010,1,15,0.132
2010,1,16,0.143
2010,1,17,0.158
2010,1,18,0.045
2010,1,19,0.094
2010,1,20,0.119
2010,2,1,0.216
2010,2,2,0.226
2010,2,3,0.217
2010,2,4,0.195
2010,2,5,0.183
2010,2,6,0.187
2010,2,7,0.223
2010,2,8,0.162
2010,2,9,0.177
2010,2,10,0.18
2010,2,11,0.216
2010,2,12,0.155
2010,2,13,0.188
2010,2,14,0.191
2010,2,15,0.147
2010,2,16,0.138
2010,2,17,0.129
2010,2,18,0.126
2010,2,19,0.155
2010,2,20,0.131
2010,3,1,0.236
2010,3,2,0.19
2010,3,3,0.19
2010,3,4,0.278
2010,3,5,0.204
2010,3,6,0.181
2010,3,7,0.242
2010,3,8,0.202
2010,3,9,0.206
2010,3,10,0.18
2010,3,11,0.169
2010,3,12,0.169
2010,3,13,0.128
2010,3,14,0.161
2010,3,15,0.168
2010,3,16,0.21
2010,3,17,0.152
2010,3,18,0.074
2010,3,19,0.136
2010,3,20,0.216
2010,4,1,0.265
2010,4,2,0.21
2010,4,3,0.247
2010,4,4,0.202
2010,4,5,0.178
2010,4,6,0.204
2010,4,7,0.212
2010,4,8,0.148
2010,4,9,0.165
2010,4,10,0.194
2010,4,11,0.177
2010,4,12,0.196
2010,4,13,0.143
2010,4,14,0.195
2010,4,15,0.133
2010,4,16,0.213
2010,4,17,0.108
2010,4,18,0.121
2010,4,19,0.162
2010,4,20,0.194
2010,5,1,0.258
2010,5,2,0.261
2010,5,3,0.24
2010,5,4,0.203
2010,5,5,0.214
2010,5,6,0.188
2010,5,7,0.181
2010,5,8,0.226
2010,5,9,0.175
2010,5,10,0.214
2010,5,11,0.16
2010,5,12,0.203
2010,5,13,0.174
2010,5,14,0.226
2010,5,15,0.189
2010,5,16,0.211
2010,5,17,0.146
2010,5,18,0.166
2010,5,19,0.13
2010,5,20,0.142
2010,6,1,0.251
2010,6,2,0.232
2010,6,3,0.213
2010,6,4,0.202
2010,6,5,0.169
2010,6,6,0.202
2010,6,7,0.248
2010,6,8,0.176
2010,6,9,0.178
2010,6,10,0.268
2010,6,11,0.19
2010,6,12,0.214
2010,6,13,0.218
2010,6,14,0.214
2010,6,15,0.143
2010,6,16,0.177
2010,6,17,0.13
2010,6,18,0.247
2010,6,19,0.121
2010,6,20,0.133
2010,7,1,0.238
2010,7,2,0.219
2010,7,3,0.3
2010,7,4,0.327
2010,7,5,0.235
2010,7,6,0.204
2010,7,7,0.172
2010,7,8,0.227
2010,7,9,0.22
2010,7,10,0.204
2010,7,11,0.226
2010,7,12,0.226
2010,7,13,0.219
2010,7,14,0.195
2010,7,15,0.166
2010,7,16,0.214
2010,7,17,0.189
2010,7,18,0.211
2010,7,19,0.203
2010,7,20,0.131
2010,8,1,0.236
2010,8,2,0.251
2010,8,3,0.237
2010,8,4,0.287
2010,8,5,0.27
2010,8,6,0.287
2010,8,7,0.261
2010,8,8,0.25
2010,8,9,0.275
2010,8,10,0.248
2010,8,11,0.231
2010,8,12,0.268
2010,8,13,0.222
2010,8,14,0.205
2010,8,15,0.184
2010,8,16,0.225
2010,8,17,0.236
2010,8,18,0.192
2010,8,19,0.228
2010,8,20,0.125
2010,9,1,0.287
2010,9,2,0.283
2010,9,3,0.257
2010,9,4,0.346
2010,9,5,0.267
2010,9,6,0.252
2010,9,7,0.26
2010,9,8,0.194
2010,9,9,0.226
2010,9,10,0.273
2010,9,11,0.22
2010,9,12,0.209
2010,9,13,0.268
2010,9,14,0.264
2010,9,15,0.235
2010,9,16,0.2
2010,9,17,0.202
2010,9,18,0.18
2010,9,19,0.169
2010,9,20,0.163
2010,10,1,0.28
2010,10,2,0.263
2010,10,3,0.242
2010,10,4,0.291
2010,10,5,0.286
2010,10,6,0.325
2010,10,7,0.249
2010,10,8,0.273
2010,10,9,0.268
2010,10,10,0.246
2010,10,11,0.271
2010,10,12,0.267
2010,10,13,0.249
2010,10,14,0.226
2010,10,15,0.218
2010,10,16,0.183
2010,10,17,0.195
2010,10,18,0.195
2010,10,19,0.175
2010,10,20,0.217
2010,11,1,0.345
2010,11,2,0.277
2010,11,3,0.308
2010,11,4,0.263
2010,11,5,0.28
2010,11,6,0.263
2010,11,7,0.297
2010,11,8,0.254
2010,11,9,0.299
2010,11,10,0.257
2010,11,11,0.24
2010,11,12,0.216
2010,11,13,0.257
2010,11,14,0.271
2010,11,15,0.247
2010,11,16,0.301
2010,11,17,0.272
2010,11,18,0.215
2010,11,19,0.209
2010,11,20,0.228
2010,12,1,0.294
2010,12,2,0.349
2010,12,3,0.32
2010,12,4,0.312
2010,12,5,0.32
2010,12,6,0.346
2010,12,7,0.294
2010,12,8,0.281
2010,12,9,0.324
2010,12,10,0.303
2010,12,11,0.259
2010,12,12,0.264
2010,12,13,0.265
2010,12,14,0.265
2010,12,15,0.208
2010,12,16,0.198
2010,12,17,0.212
2010,12,18,0.205
2010,12,19,0.21
2010,12,20,0.243
2010,13,1,0.324
2010,13,2,0.33
2010,13,3,0.282
2010,13,4,0.3
2010,13,5,0.327
2010,13,6,0.322
2010,13,7,0.277
2010,13,8,0.299
2010,13,9,0.355
2010,13,10,0.283
2010,13,11,0.258
2010,13,12,0.269
2010,13,13,0.272
2010,13,14,0.259
2010,13,15,0.258
2010,13,16,0.211
2010,13,17,0.22
2010,13,18,0.24
2010,13,19,0.234
2010,13,20,0.217
2010,14,1,0.334
2010,14,2,0.336
2010,14,3,0.356
2010,14,4,0.321
2010,14,5,0.331
2010,14,6,0.298
2010,14,7,0.326
2010,14,8,0.315
2010,14,9,0.325
2010,14,10,0.315
2010,14,11,0.307
2010,14,12,0.281
2010,14,13,0.286
2010,14,14,0.306
2010,14,15,0.249
2010,14,16,0.245
2010,14,17,0.264
2010,14,18,0.266
2010,14,19,0.224
2010,14,20,0.242
2010,15,1,0.346
2010,15,2,0.278
2010,15,3,0.332
2010,15,4,0.329
2010,15,5,0.324
2010,15,6,0.366
2010,15,7,0.283
2010,15,8,0.289
2010,15,9,0.231
2010,15,10,0.29
2010,15,11,0.287
2010,15,12,0.279
2010,15,13,0.322
2010,15,14,0.31
2010,15,15,0.281
2010,15,16,0.263
2010,15,17,0.3
2010,15,18,0.263
2010,15,19,0.234
2010,15,20,0.203
2010,16,1,0.346
2010,16,2,0.377
2010,16,3,0.417
2010,16,4,0.346
2010,16,5,0.316
2010,16,6,0.298
2010,16,7,0.346
2010,16,8,0.271
2010,16,9,0.336
2010,16,10,0.339
2010,16,11,0.322
2010,16,12,0.297
2010,16,13,0.316
2010,16,14,0.299
2010,16,15,0.266
2010,16,16,0.34
2010,16,17,0.268
2010,16,18,0.297
2010,16,19,0.196
2010,16,20,0.302
2010,17,1,0.413
2010,17,2,0.365
2010,17,3,0.376
2010,17,4,0.371
2010,17,5,0.33
2010,17,6,0.36
2010,17,7,0.315
2010,17,8,0.316
2010,17,9,0.363
2010,17,10,0.353
2010,17,11,0.298
2010,17,12,0.292
2010,17,13,0.29
2010,17,14,0.326
2010,17,15,0.269
2010,17,16,0.305
2010,17,17,0.311
2010,17,18,0.281
2010,17,19,0.309
2010,17,20,0.265
2010,18,1,0.373
2010,18,2,0.345
2010,18,3,0.4
2010,18,4,0.341
2010,18,5,0.369
2010,18,6,0.352
2010,18,7,0.317
2010,18,8,0.326
2010,18,9,0.38
2010,18,10,0.34
2010,18,11,0.299
2010,18,12,0.333
2010,18,13,0.315
2010,18,14,0.418
2010,18,15,0.318
2010,18,16,0.293
2010,18,17,0.342
2010,18,18,0.239
2010,18,19,0.292
2010,18,20,0.344
2010,19,1,0.386
2010,19,2,0.332
2010,19,3,0.367
2010,19,4,0.418
2010,19,5,0.38
2010,19,6,0.339
2010,19,7,0.338
2010,19,8,0.337
2010,19,9,0.36
2010,19,10,0.384
2010,19,11,0.371
2010,19,12,0.348
2010,19,13,0.289
2010,19,14,0.284
2010,19,15,0.335
2010,19,16,0.274
2010,19,17,0.302
2010,19,18,0.313
2010,19,19,0.265
2010,19,20,0.263
2010,20,1,0.396
2010,20,2,0.409
2010,20,3,0.421
2010,20,4,0.402
2010,20,5,0.381
2010,20,6,0.352
2010,20,7,0.337
2010,20,8,0.349
2010,20,9,0.371
2010,20,10,0.364
2010,20,11,0.286
2010,20,12,0.32
2010,20,13,0.375
2010,20,14,0.336
2010,20,15,0.286
2010,20,16,0.395
2010,20,17,0.318
2010,20,18,0.326
2010,20,19,0.321
2010,20,20,0.293
